event_id,event_slug,title,starts_at,field,query,search_url,status
1e8dbe72-cd04-40eb-92f3-22361abba734,techstars-ai-health-baltimore-demo-day-93fa9e99,Techstars AI Health Baltimore Demo Day,2026-12-03T22:30:00+00:00,description,"""Techstars AI Health Baltimore Demo Day"" 2026-12-03 description",https://www.google.com/search?q=%22Techstars+AI+Health+Baltimore+Demo+Day%22+2026-12-03+description,needs_research
1e8dbe72-cd04-40eb-92f3-22361abba734,techstars-ai-health-baltimore-demo-day-93fa9e99,Techstars AI Health Baltimore Demo Day,2026-12-03T22:30:00+00:00,named_participants,"""Techstars AI Health Baltimore Demo Day"" 2026-12-03 cohort companies participants",https://www.google.com/search?q=%22Techstars+AI+Health+Baltimore+Demo+Day%22+2026-12-03+cohort+companies+participants,needs_research
1e8dbe72-cd04-40eb-92f3-22361abba734,techstars-ai-health-baltimore-demo-day-93fa9e99,Techstars AI Health Baltimore Demo Day,2026-12-03T22:30:00+00:00,supporter_relationships,"""Techstars AI Health Baltimore Demo Day"" 2026-12-03 sponsors supporting organizations",https://www.google.com/search?q=%22Techstars+AI+Health+Baltimore+Demo+Day%22+2026-12-03+sponsors+supporting+organizations,needs_research
57f6bf4c-ecf6-4919-88af-2adeafd62ad4,startup-social-novella-center-for-entrepreneurship-founder-showcase-angel-invest,"Startup Social: Novella Center for Entrepreneurship Founder Showcase, Angel Investing Panel, Immersive Experience",2026-11-12T21:30:00+00:00,host_org_name,"""Startup Social: Novella Center for Entrepreneurship Founder Showcase, Angel Investing Panel, Immersive Experience"" 2026-11-12 host org name",https://www.google.com/search?q=%22Startup+Social%3A+Novella+Center+for+Entrepreneurship+Founder+Showcase%2C+Angel+Investing+Panel%2C+Immersive+Experience%22+2026-11-12+host+org+name,needs_research
57f6bf4c-ecf6-4919-88af-2adeafd62ad4,startup-social-novella-center-for-entrepreneurship-founder-showcase-angel-invest,"Startup Social: Novella Center for Entrepreneurship Founder Showcase, Angel Investing Panel, Immersive Experience",2026-11-12T21:30:00+00:00,named_participants,"""Startup Social: Novella Center for Entrepreneurship Founder Showcase, Angel Investing Panel, Immersive Experience"" 2026-11-12 cohort companies participants",https://www.google.com/search?q=%22Startup+Social%3A+Novella+Center+for+Entrepreneurship+Founder+Showcase%2C+Angel+Investing+Panel%2C+Immersive+Experience%22+2026-11-12+cohort+companies+participants,needs_research
57f6bf4c-ecf6-4919-88af-2adeafd62ad4,startup-social-novella-center-for-entrepreneurship-founder-showcase-angel-invest,"Startup Social: Novella Center for Entrepreneurship Founder Showcase, Angel Investing Panel, Immersive Experience",2026-11-12T21:30:00+00:00,supporter_relationships,"""Startup Social: Novella Center for Entrepreneurship Founder Showcase, Angel Investing Panel, Immersive Experience"" 2026-11-12 sponsors supporting organizations",https://www.google.com/search?q=%22Startup+Social%3A+Novella+Center+for+Entrepreneurship+Founder+Showcase%2C+Angel+Investing+Panel%2C+Immersive+Experience%22+2026-11-12+sponsors+supporting+organizations,needs_research
2ee6b8af-8cae-44f2-83a7-0df1131ab72f,market-pulse-cyber-howard-challenge-pitch-71ffc617,Market Pulse: Cyber Howard Challenge Pitch,2026-10-20T21:00:00+00:00,description_detail,"""Market Pulse: Cyber Howard Challenge Pitch"" 2026-10-20 description detail",https://www.google.com/search?q=%22Market+Pulse%3A+Cyber+Howard+Challenge+Pitch%22+2026-10-20+description+detail,needs_research
2ee6b8af-8cae-44f2-83a7-0df1131ab72f,market-pulse-cyber-howard-challenge-pitch-71ffc617,Market Pulse: Cyber Howard Challenge Pitch,2026-10-20T21:00:00+00:00,named_participants,"""Market Pulse: Cyber Howard Challenge Pitch"" 2026-10-20 cohort companies participants",https://www.google.com/search?q=%22Market+Pulse%3A+Cyber+Howard+Challenge+Pitch%22+2026-10-20+cohort+companies+participants,needs_research
2ee6b8af-8cae-44f2-83a7-0df1131ab72f,market-pulse-cyber-howard-challenge-pitch-71ffc617,Market Pulse: Cyber Howard Challenge Pitch,2026-10-20T21:00:00+00:00,supporter_relationships,"""Market Pulse: Cyber Howard Challenge Pitch"" 2026-10-20 sponsors supporting organizations",https://www.google.com/search?q=%22Market+Pulse%3A+Cyber+Howard+Challenge+Pitch%22+2026-10-20+sponsors+supporting+organizations,needs_research
cf8cf72c-1d29-45e2-9b01-621358207453,pitch-mingle-series-the-great-pumpkin-pitch-e82a030e,Pitch & Mingle Series: The Great Pumpkin Pitch,2026-10-15T21:00:00+00:00,description_detail,"""Pitch & Mingle Series: The Great Pumpkin Pitch"" 2026-10-15 description detail",https://www.google.com/search?q=%22Pitch+%26+Mingle+Series%3A+The+Great+Pumpkin+Pitch%22+2026-10-15+description+detail,needs_research
cf8cf72c-1d29-45e2-9b01-621358207453,pitch-mingle-series-the-great-pumpkin-pitch-e82a030e,Pitch & Mingle Series: The Great Pumpkin Pitch,2026-10-15T21:00:00+00:00,named_participants,"""Pitch & Mingle Series: The Great Pumpkin Pitch"" 2026-10-15 cohort companies participants",https://www.google.com/search?q=%22Pitch+%26+Mingle+Series%3A+The+Great+Pumpkin+Pitch%22+2026-10-15+cohort+companies+participants,needs_research
cf8cf72c-1d29-45e2-9b01-621358207453,pitch-mingle-series-the-great-pumpkin-pitch-e82a030e,Pitch & Mingle Series: The Great Pumpkin Pitch,2026-10-15T21:00:00+00:00,supporter_relationships,"""Pitch & Mingle Series: The Great Pumpkin Pitch"" 2026-10-15 sponsors supporting organizations",https://www.google.com/search?q=%22Pitch+%26+Mingle+Series%3A+The+Great+Pumpkin+Pitch%22+2026-10-15+sponsors+supporting+organizations,needs_research
7d4138d6-e2ea-4c9c-8a26-da0eecc94608,virtual-information-session-comotion-labs-climate-tech-incubator-1fc91b7f,[VIRTUAL] Information Session: CoMotion Labs Climate Tech Incubator,2026-10-15T21:00:00+00:00,description,"""[VIRTUAL] Information Session: CoMotion Labs Climate Tech Incubator"" 2026-10-15 description",https://www.google.com/search?q=%22%5BVIRTUAL%5D+Information+Session%3A+CoMotion+Labs+Climate+Tech+Incubator%22+2026-10-15+description,needs_research
7d4138d6-e2ea-4c9c-8a26-da0eecc94608,virtual-information-session-comotion-labs-climate-tech-incubator-1fc91b7f,[VIRTUAL] Information Session: CoMotion Labs Climate Tech Incubator,2026-10-15T21:00:00+00:00,location,"""[VIRTUAL] Information Session: CoMotion Labs Climate Tech Incubator"" 2026-10-15 location",https://www.google.com/search?q=%22%5BVIRTUAL%5D+Information+Session%3A+CoMotion+Labs+Climate+Tech+Incubator%22+2026-10-15+location,needs_research
7d4138d6-e2ea-4c9c-8a26-da0eecc94608,virtual-information-session-comotion-labs-climate-tech-incubator-1fc91b7f,[VIRTUAL] Information Session: CoMotion Labs Climate Tech Incubator,2026-10-15T21:00:00+00:00,named_participants,"""[VIRTUAL] Information Session: CoMotion Labs Climate Tech Incubator"" 2026-10-15 cohort companies participants",https://www.google.com/search?q=%22%5BVIRTUAL%5D+Information+Session%3A+CoMotion+Labs+Climate+Tech+Incubator%22+2026-10-15+cohort+companies+participants,needs_research
7d4138d6-e2ea-4c9c-8a26-da0eecc94608,virtual-information-session-comotion-labs-climate-tech-incubator-1fc91b7f,[VIRTUAL] Information Session: CoMotion Labs Climate Tech Incubator,2026-10-15T21:00:00+00:00,supporter_relationships,"""[VIRTUAL] Information Session: CoMotion Labs Climate Tech Incubator"" 2026-10-15 sponsors supporting organizations",https://www.google.com/search?q=%22%5BVIRTUAL%5D+Information+Session%3A+CoMotion+Labs+Climate+Tech+Incubator%22+2026-10-15+sponsors+supporting+organizations,needs_research
0f0d0ffd-f3af-4594-80db-d3d2dc652a02,business-plan-growth-readiness-incubator-pitch-competition-graduation-8a2cc2b2,Business Plan & Growth Readiness Incubator Pitch Competition & Graduation,2026-10-07T14:00:00+00:00,named_participants,"""Business Plan & Growth Readiness Incubator Pitch Competition & Graduation"" 2026-10-07 cohort companies participants",https://www.google.com/search?q=%22Business+Plan+%26+Growth+Readiness+Incubator+Pitch+Competition+%26+Graduation%22+2026-10-07+cohort+companies+participants,needs_research
0f0d0ffd-f3af-4594-80db-d3d2dc652a02,business-plan-growth-readiness-incubator-pitch-competition-graduation-8a2cc2b2,Business Plan & Growth Readiness Incubator Pitch Competition & Graduation,2026-10-07T14:00:00+00:00,supporter_relationships,"""Business Plan & Growth Readiness Incubator Pitch Competition & Graduation"" 2026-10-07 sponsors supporting organizations",https://www.google.com/search?q=%22Business+Plan+%26+Growth+Readiness+Incubator+Pitch+Competition+%26+Graduation%22+2026-10-07+sponsors+supporting+organizations,needs_research
d0f82cd2-7a00-4b5b-be1f-f0831ad5ccf5,pitch-labs-for-entrepreneurs-fairfax-fdec-a0ab4dcd,Pitch Labs for Entrepreneurs - Fairfax (FDEC),2026-09-19T14:00:00+00:00,named_participants,"""Pitch Labs for Entrepreneurs - Fairfax (FDEC)"" 2026-09-19 cohort companies participants",https://www.google.com/search?q=%22Pitch+Labs+for+Entrepreneurs+-+Fairfax+%28FDEC%29%22+2026-09-19+cohort+companies+participants,needs_research
d0f82cd2-7a00-4b5b-be1f-f0831ad5ccf5,pitch-labs-for-entrepreneurs-fairfax-fdec-a0ab4dcd,Pitch Labs for Entrepreneurs - Fairfax (FDEC),2026-09-19T14:00:00+00:00,supporter_relationships,"""Pitch Labs for Entrepreneurs - Fairfax (FDEC)"" 2026-09-19 sponsors supporting organizations",https://www.google.com/search?q=%22Pitch+Labs+for+Entrepreneurs+-+Fairfax+%28FDEC%29%22+2026-09-19+sponsors+supporting+organizations,needs_research
5fff0c3c-7858-4361-a04e-a8542567fc80,women-in-ai-pitch-competition-de544281,Women in AI: Pitch Competition,2026-09-10T16:00:00+00:00,description,"""Women in AI: Pitch Competition"" 2026-09-10 description",https://www.google.com/search?q=%22Women+in+AI%3A+Pitch+Competition%22+2026-09-10+description,needs_research
5fff0c3c-7858-4361-a04e-a8542567fc80,women-in-ai-pitch-competition-de544281,Women in AI: Pitch Competition,2026-09-10T16:00:00+00:00,host_org_name,"""Women in AI: Pitch Competition"" 2026-09-10 host org name",https://www.google.com/search?q=%22Women+in+AI%3A+Pitch+Competition%22+2026-09-10+host+org+name,needs_research
5fff0c3c-7858-4361-a04e-a8542567fc80,women-in-ai-pitch-competition-de544281,Women in AI: Pitch Competition,2026-09-10T16:00:00+00:00,named_participants,"""Women in AI: Pitch Competition"" 2026-09-10 cohort companies participants",https://www.google.com/search?q=%22Women+in+AI%3A+Pitch+Competition%22+2026-09-10+cohort+companies+participants,needs_research
5fff0c3c-7858-4361-a04e-a8542567fc80,women-in-ai-pitch-competition-de544281,Women in AI: Pitch Competition,2026-09-10T16:00:00+00:00,supporter_relationships,"""Women in AI: Pitch Competition"" 2026-09-10 sponsors supporting organizations",https://www.google.com/search?q=%22Women+in+AI%3A+Pitch+Competition%22+2026-09-10+sponsors+supporting+organizations,needs_research
6fe53eac-b368-4787-9d10-cf3749a7c002,cyber-howard-accelerator-application-closes-a970971e,Cyber Howard Accelerator- Application Closes,2026-09-02T03:59:00+00:00,ends_at,"""Cyber Howard Accelerator- Application Closes"" 2026-09-02 ends at",https://www.google.com/search?q=%22Cyber+Howard+Accelerator-+Application+Closes%22+2026-09-02+ends+at,needs_research
6fe53eac-b368-4787-9d10-cf3749a7c002,cyber-howard-accelerator-application-closes-a970971e,Cyber Howard Accelerator- Application Closes,2026-09-02T03:59:00+00:00,description_detail,"""Cyber Howard Accelerator- Application Closes"" 2026-09-02 description detail",https://www.google.com/search?q=%22Cyber+Howard+Accelerator-+Application+Closes%22+2026-09-02+description+detail,needs_research
6fe53eac-b368-4787-9d10-cf3749a7c002,cyber-howard-accelerator-application-closes-a970971e,Cyber Howard Accelerator- Application Closes,2026-09-02T03:59:00+00:00,organizer_identity,"""Cyber Howard Accelerator- Application Closes"" 2026-09-02 organizer identity",https://www.google.com/search?q=%22Cyber+Howard+Accelerator-+Application+Closes%22+2026-09-02+organizer+identity,needs_research
6fe53eac-b368-4787-9d10-cf3749a7c002,cyber-howard-accelerator-application-closes-a970971e,Cyber Howard Accelerator- Application Closes,2026-09-02T03:59:00+00:00,named_participants,"""Cyber Howard Accelerator- Application Closes"" 2026-09-02 cohort companies participants",https://www.google.com/search?q=%22Cyber+Howard+Accelerator-+Application+Closes%22+2026-09-02+cohort+companies+participants,needs_research
6fe53eac-b368-4787-9d10-cf3749a7c002,cyber-howard-accelerator-application-closes-a970971e,Cyber Howard Accelerator- Application Closes,2026-09-02T03:59:00+00:00,supporter_relationships,"""Cyber Howard Accelerator- Application Closes"" 2026-09-02 sponsors supporting organizations",https://www.google.com/search?q=%22Cyber+Howard+Accelerator-+Application+Closes%22+2026-09-02+sponsors+supporting+organizations,needs_research
10341b85-0ba3-4f4c-8492-d67d27de1501,mtc-crc-august-chesapitch-5f94e09a,MTC CRC August ChesaPitch,2026-08-27T19:00:00+00:00,image_url,"""MTC CRC August ChesaPitch"" 2026-08-27 image url",https://www.google.com/search?q=%22MTC+CRC+August+ChesaPitch%22+2026-08-27+image+url,needs_research
10341b85-0ba3-4f4c-8492-d67d27de1501,mtc-crc-august-chesapitch-5f94e09a,MTC CRC August ChesaPitch,2026-08-27T19:00:00+00:00,organizer_identity,"""MTC CRC August ChesaPitch"" 2026-08-27 organizer identity",https://www.google.com/search?q=%22MTC+CRC+August+ChesaPitch%22+2026-08-27+organizer+identity,needs_research
10341b85-0ba3-4f4c-8492-d67d27de1501,mtc-crc-august-chesapitch-5f94e09a,MTC CRC August ChesaPitch,2026-08-27T19:00:00+00:00,named_participants,"""MTC CRC August ChesaPitch"" 2026-08-27 cohort companies participants",https://www.google.com/search?q=%22MTC+CRC+August+ChesaPitch%22+2026-08-27+cohort+companies+participants,needs_research
10341b85-0ba3-4f4c-8492-d67d27de1501,mtc-crc-august-chesapitch-5f94e09a,MTC CRC August ChesaPitch,2026-08-27T19:00:00+00:00,supporter_relationships,"""MTC CRC August ChesaPitch"" 2026-08-27 sponsors supporting organizations",https://www.google.com/search?q=%22MTC+CRC+August+ChesaPitch%22+2026-08-27+sponsors+supporting+organizations,needs_research
9b5b0297-891e-456f-8062-9d5618a87e53,cb-tech-innovation-internship-demo-day-a28f17cc,Cb: Tech & Innovation Internship Demo Day,2026-08-12T17:00:00+00:00,description,"""Cb: Tech & Innovation Internship Demo Day"" 2026-08-12 description",https://www.google.com/search?q=%22Cb%3A+Tech+%26+Innovation+Internship+Demo+Day%22+2026-08-12+description,needs_research
9b5b0297-891e-456f-8062-9d5618a87e53,cb-tech-innovation-internship-demo-day-a28f17cc,Cb: Tech & Innovation Internship Demo Day,2026-08-12T17:00:00+00:00,organizer_identity,"""Cb: Tech & Innovation Internship Demo Day"" 2026-08-12 organizer identity",https://www.google.com/search?q=%22Cb%3A+Tech+%26+Innovation+Internship+Demo+Day%22+2026-08-12+organizer+identity,needs_research
9b5b0297-891e-456f-8062-9d5618a87e53,cb-tech-innovation-internship-demo-day-a28f17cc,Cb: Tech & Innovation Internship Demo Day,2026-08-12T17:00:00+00:00,named_participants,"""Cb: Tech & Innovation Internship Demo Day"" 2026-08-12 cohort companies participants",https://www.google.com/search?q=%22Cb%3A+Tech+%26+Innovation+Internship+Demo+Day%22+2026-08-12+cohort+companies+participants,needs_research
9b5b0297-891e-456f-8062-9d5618a87e53,cb-tech-innovation-internship-demo-day-a28f17cc,Cb: Tech & Innovation Internship Demo Day,2026-08-12T17:00:00+00:00,supporter_relationships,"""Cb: Tech & Innovation Internship Demo Day"" 2026-08-12 sponsors supporting organizations",https://www.google.com/search?q=%22Cb%3A+Tech+%26+Innovation+Internship+Demo+Day%22+2026-08-12+sponsors+supporting+organizations,needs_research
4b426cdf-20e5-478a-bf97-97ee4f77c898,women-in-ai-pitch-competition-a76162a6,Women In AI Pitch Competition,2026-07-23T16:00:00+00:00,host_org_name,"""Women In AI Pitch Competition"" 2026-07-23 host org name",https://www.google.com/search?q=%22Women+In+AI+Pitch+Competition%22+2026-07-23+host+org+name,needs_research
4b426cdf-20e5-478a-bf97-97ee4f77c898,women-in-ai-pitch-competition-a76162a6,Women In AI Pitch Competition,2026-07-23T16:00:00+00:00,named_participants,"""Women In AI Pitch Competition"" 2026-07-23 cohort companies participants",https://www.google.com/search?q=%22Women+In+AI+Pitch+Competition%22+2026-07-23+cohort+companies+participants,needs_research
4b426cdf-20e5-478a-bf97-97ee4f77c898,women-in-ai-pitch-competition-a76162a6,Women In AI Pitch Competition,2026-07-23T16:00:00+00:00,supporter_relationships,"""Women In AI Pitch Competition"" 2026-07-23 sponsors supporting organizations",https://www.google.com/search?q=%22Women+In+AI+Pitch+Competition%22+2026-07-23+sponsors+supporting+organizations,needs_research
e0b91254-38b1-4f7f-a4db-7e2efd15814c,2026-summer-launch-incubator-sli-virtual-showcase-f2ef4a52,2026 Summer Launch Incubator (SLI) Virtual Showcase,2026-07-16T21:30:00+00:00,description_detail,"""2026 Summer Launch Incubator (SLI) Virtual Showcase"" 2026-07-16 description detail",https://www.google.com/search?q=%222026+Summer+Launch+Incubator+%28SLI%29+Virtual+Showcase%22+2026-07-16+description+detail,needs_research
e0b91254-38b1-4f7f-a4db-7e2efd15814c,2026-summer-launch-incubator-sli-virtual-showcase-f2ef4a52,2026 Summer Launch Incubator (SLI) Virtual Showcase,2026-07-16T21:30:00+00:00,organizer_identity,"""2026 Summer Launch Incubator (SLI) Virtual Showcase"" 2026-07-16 organizer identity",https://www.google.com/search?q=%222026+Summer+Launch+Incubator+%28SLI%29+Virtual+Showcase%22+2026-07-16+organizer+identity,needs_research
e0b91254-38b1-4f7f-a4db-7e2efd15814c,2026-summer-launch-incubator-sli-virtual-showcase-f2ef4a52,2026 Summer Launch Incubator (SLI) Virtual Showcase,2026-07-16T21:30:00+00:00,named_participants,"""2026 Summer Launch Incubator (SLI) Virtual Showcase"" 2026-07-16 cohort companies participants",https://www.google.com/search?q=%222026+Summer+Launch+Incubator+%28SLI%29+Virtual+Showcase%22+2026-07-16+cohort+companies+participants,needs_research
e0b91254-38b1-4f7f-a4db-7e2efd15814c,2026-summer-launch-incubator-sli-virtual-showcase-f2ef4a52,2026 Summer Launch Incubator (SLI) Virtual Showcase,2026-07-16T21:30:00+00:00,supporter_relationships,"""2026 Summer Launch Incubator (SLI) Virtual Showcase"" 2026-07-16 sponsors supporting organizations",https://www.google.com/search?q=%222026+Summer+Launch+Incubator+%28SLI%29+Virtual+Showcase%22+2026-07-16+sponsors+supporting+organizations,needs_research
38b83552-6e46-4956-8ed1-dcac54690c1e,2026-summer-launch-incubator-sli-virtual-showcase-906cf3b7,2026 Summer Launch Incubator (SLI) Virtual Showcase,2026-07-16T21:00:00+00:00,description_detail,"""2026 Summer Launch Incubator (SLI) Virtual Showcase"" 2026-07-16 description detail",https://www.google.com/search?q=%222026+Summer+Launch+Incubator+%28SLI%29+Virtual+Showcase%22+2026-07-16+description+detail,needs_research
38b83552-6e46-4956-8ed1-dcac54690c1e,2026-summer-launch-incubator-sli-virtual-showcase-906cf3b7,2026 Summer Launch Incubator (SLI) Virtual Showcase,2026-07-16T21:00:00+00:00,organizer_identity,"""2026 Summer Launch Incubator (SLI) Virtual Showcase"" 2026-07-16 organizer identity",https://www.google.com/search?q=%222026+Summer+Launch+Incubator+%28SLI%29+Virtual+Showcase%22+2026-07-16+organizer+identity,needs_research
38b83552-6e46-4956-8ed1-dcac54690c1e,2026-summer-launch-incubator-sli-virtual-showcase-906cf3b7,2026 Summer Launch Incubator (SLI) Virtual Showcase,2026-07-16T21:00:00+00:00,named_participants,"""2026 Summer Launch Incubator (SLI) Virtual Showcase"" 2026-07-16 cohort companies participants",https://www.google.com/search?q=%222026+Summer+Launch+Incubator+%28SLI%29+Virtual+Showcase%22+2026-07-16+cohort+companies+participants,needs_research
38b83552-6e46-4956-8ed1-dcac54690c1e,2026-summer-launch-incubator-sli-virtual-showcase-906cf3b7,2026 Summer Launch Incubator (SLI) Virtual Showcase,2026-07-16T21:00:00+00:00,supporter_relationships,"""2026 Summer Launch Incubator (SLI) Virtual Showcase"" 2026-07-16 sponsors supporting organizations",https://www.google.com/search?q=%222026+Summer+Launch+Incubator+%28SLI%29+Virtual+Showcase%22+2026-07-16+sponsors+supporting+organizations,needs_research
3b16ed4e-16b8-42f6-9212-31435c1afbe2,cyber-howard-accelerator-cohort-iii-graduation-and-demo-day-938293eb,Cyber Howard Accelerator Cohort III Graduation and Demo Day,2026-07-16T15:30:00+00:00,description_detail,"""Cyber Howard Accelerator Cohort III Graduation and Demo Day"" 2026-07-16 description detail",https://www.google.com/search?q=%22Cyber+Howard+Accelerator+Cohort+III+Graduation+and+Demo+Day%22+2026-07-16+description+detail,needs_research
3b16ed4e-16b8-42f6-9212-31435c1afbe2,cyber-howard-accelerator-cohort-iii-graduation-and-demo-day-938293eb,Cyber Howard Accelerator Cohort III Graduation and Demo Day,2026-07-16T15:30:00+00:00,named_participants,"""Cyber Howard Accelerator Cohort III Graduation and Demo Day"" 2026-07-16 cohort companies participants",https://www.google.com/search?q=%22Cyber+Howard+Accelerator+Cohort+III+Graduation+and+Demo+Day%22+2026-07-16+cohort+companies+participants,needs_research
3b16ed4e-16b8-42f6-9212-31435c1afbe2,cyber-howard-accelerator-cohort-iii-graduation-and-demo-day-938293eb,Cyber Howard Accelerator Cohort III Graduation and Demo Day,2026-07-16T15:30:00+00:00,supporter_relationships,"""Cyber Howard Accelerator Cohort III Graduation and Demo Day"" 2026-07-16 sponsors supporting organizations",https://www.google.com/search?q=%22Cyber+Howard+Accelerator+Cohort+III+Graduation+and+Demo+Day%22+2026-07-16+sponsors+supporting+organizations,needs_research
dd40b422-6963-43a6-9968-432772fbf177,baltimore-bitcoin-blockchain-bootcamp-af74d7e5,Baltimore Bitcoin & BlockchAIn Bootcamp!,2026-07-14T01:00:00+00:00,ends_at,"""Baltimore Bitcoin & BlockchAIn Bootcamp!"" 2026-07-14 ends at",https://www.google.com/search?q=%22Baltimore+Bitcoin+%26+BlockchAIn+Bootcamp%21%22+2026-07-14+ends+at,needs_research
dd40b422-6963-43a6-9968-432772fbf177,baltimore-bitcoin-blockchain-bootcamp-af74d7e5,Baltimore Bitcoin & BlockchAIn Bootcamp!,2026-07-14T01:00:00+00:00,named_participants,"""Baltimore Bitcoin & BlockchAIn Bootcamp!"" 2026-07-14 cohort companies participants",https://www.google.com/search?q=%22Baltimore+Bitcoin+%26+BlockchAIn+Bootcamp%21%22+2026-07-14+cohort+companies+participants,needs_research
dd40b422-6963-43a6-9968-432772fbf177,baltimore-bitcoin-blockchain-bootcamp-af74d7e5,Baltimore Bitcoin & BlockchAIn Bootcamp!,2026-07-14T01:00:00+00:00,supporter_relationships,"""Baltimore Bitcoin & BlockchAIn Bootcamp!"" 2026-07-14 sponsors supporting organizations",https://www.google.com/search?q=%22Baltimore+Bitcoin+%26+BlockchAIn+Bootcamp%21%22+2026-07-14+sponsors+supporting+organizations,needs_research
a9ea5d86-87e1-40c3-a02b-51fca6a0d923,pitch-labs-for-entrepreneurs-shirlington-library-7a72123c,Pitch Labs for Entrepreneurs - Shirlington Library,2026-06-27T18:00:00+00:00,named_participants,"""Pitch Labs for Entrepreneurs - Shirlington Library"" 2026-06-27 cohort companies participants",https://www.google.com/search?q=%22Pitch+Labs+for+Entrepreneurs+-+Shirlington+Library%22+2026-06-27+cohort+companies+participants,needs_research
a9ea5d86-87e1-40c3-a02b-51fca6a0d923,pitch-labs-for-entrepreneurs-shirlington-library-7a72123c,Pitch Labs for Entrepreneurs - Shirlington Library,2026-06-27T18:00:00+00:00,supporter_relationships,"""Pitch Labs for Entrepreneurs - Shirlington Library"" 2026-06-27 sponsors supporting organizations",https://www.google.com/search?q=%22Pitch+Labs+for+Entrepreneurs+-+Shirlington+Library%22+2026-06-27+sponsors+supporting+organizations,needs_research
363a44a9-e20c-4338-9c15-3b1a54b74f46,pitch-tips-meetup-with-dc-dao-stand-with-crypto-and-virginia-blockchain-council-,"Pitch Tips Meetup with DC DAO, Stand With Crypto and Virginia Blockchain Council",2026-06-18T21:30:00+00:00,description,"""Pitch Tips Meetup with DC DAO, Stand With Crypto and Virginia Blockchain Council"" 2026-06-18 description",https://www.google.com/search?q=%22Pitch+Tips+Meetup+with+DC+DAO%2C+Stand+With+Crypto+and+Virginia+Blockchain+Council%22+2026-06-18+description,needs_research
363a44a9-e20c-4338-9c15-3b1a54b74f46,pitch-tips-meetup-with-dc-dao-stand-with-crypto-and-virginia-blockchain-council-,"Pitch Tips Meetup with DC DAO, Stand With Crypto and Virginia Blockchain Council",2026-06-18T21:30:00+00:00,ends_at,"""Pitch Tips Meetup with DC DAO, Stand With Crypto and Virginia Blockchain Council"" 2026-06-18 ends at",https://www.google.com/search?q=%22Pitch+Tips+Meetup+with+DC+DAO%2C+Stand+With+Crypto+and+Virginia+Blockchain+Council%22+2026-06-18+ends+at,needs_research
363a44a9-e20c-4338-9c15-3b1a54b74f46,pitch-tips-meetup-with-dc-dao-stand-with-crypto-and-virginia-blockchain-council-,"Pitch Tips Meetup with DC DAO, Stand With Crypto and Virginia Blockchain Council",2026-06-18T21:30:00+00:00,organizer_identity,"""Pitch Tips Meetup with DC DAO, Stand With Crypto and Virginia Blockchain Council"" 2026-06-18 organizer identity",https://www.google.com/search?q=%22Pitch+Tips+Meetup+with+DC+DAO%2C+Stand+With+Crypto+and+Virginia+Blockchain+Council%22+2026-06-18+organizer+identity,needs_research
363a44a9-e20c-4338-9c15-3b1a54b74f46,pitch-tips-meetup-with-dc-dao-stand-with-crypto-and-virginia-blockchain-council-,"Pitch Tips Meetup with DC DAO, Stand With Crypto and Virginia Blockchain Council",2026-06-18T21:30:00+00:00,named_participants,"""Pitch Tips Meetup with DC DAO, Stand With Crypto and Virginia Blockchain Council"" 2026-06-18 cohort companies participants",https://www.google.com/search?q=%22Pitch+Tips+Meetup+with+DC+DAO%2C+Stand+With+Crypto+and+Virginia+Blockchain+Council%22+2026-06-18+cohort+companies+participants,needs_research
363a44a9-e20c-4338-9c15-3b1a54b74f46,pitch-tips-meetup-with-dc-dao-stand-with-crypto-and-virginia-blockchain-council-,"Pitch Tips Meetup with DC DAO, Stand With Crypto and Virginia Blockchain Council",2026-06-18T21:30:00+00:00,supporter_relationships,"""Pitch Tips Meetup with DC DAO, Stand With Crypto and Virginia Blockchain Council"" 2026-06-18 sponsors supporting organizations",https://www.google.com/search?q=%22Pitch+Tips+Meetup+with+DC+DAO%2C+Stand+With+Crypto+and+Virginia+Blockchain+Council%22+2026-06-18+sponsors+supporting+organizations,needs_research
4dc98c38-df9a-45b2-aeef-abddd4f00809,civic-builders-pitch-demo-night-c949cf28,Civic Builders: Pitch & Demo Night,2026-06-17T22:00:00+00:00,description,"""Civic Builders: Pitch & Demo Night"" 2026-06-17 description",https://www.google.com/search?q=%22Civic+Builders%3A+Pitch+%26+Demo+Night%22+2026-06-17+description,needs_research
4dc98c38-df9a-45b2-aeef-abddd4f00809,civic-builders-pitch-demo-night-c949cf28,Civic Builders: Pitch & Demo Night,2026-06-17T22:00:00+00:00,ends_at,"""Civic Builders: Pitch & Demo Night"" 2026-06-17 ends at",https://www.google.com/search?q=%22Civic+Builders%3A+Pitch+%26+Demo+Night%22+2026-06-17+ends+at,needs_research
4dc98c38-df9a-45b2-aeef-abddd4f00809,civic-builders-pitch-demo-night-c949cf28,Civic Builders: Pitch & Demo Night,2026-06-17T22:00:00+00:00,organizer_identity,"""Civic Builders: Pitch & Demo Night"" 2026-06-17 organizer identity",https://www.google.com/search?q=%22Civic+Builders%3A+Pitch+%26+Demo+Night%22+2026-06-17+organizer+identity,needs_research
4dc98c38-df9a-45b2-aeef-abddd4f00809,civic-builders-pitch-demo-night-c949cf28,Civic Builders: Pitch & Demo Night,2026-06-17T22:00:00+00:00,named_participants,"""Civic Builders: Pitch & Demo Night"" 2026-06-17 cohort companies participants",https://www.google.com/search?q=%22Civic+Builders%3A+Pitch+%26+Demo+Night%22+2026-06-17+cohort+companies+participants,needs_research
4dc98c38-df9a-45b2-aeef-abddd4f00809,civic-builders-pitch-demo-night-c949cf28,Civic Builders: Pitch & Demo Night,2026-06-17T22:00:00+00:00,supporter_relationships,"""Civic Builders: Pitch & Demo Night"" 2026-06-17 sponsors supporting organizations",https://www.google.com/search?q=%22Civic+Builders%3A+Pitch+%26+Demo+Night%22+2026-06-17+sponsors+supporting+organizations,needs_research
4f4e8192-988a-457b-bd59-1c83d0d34c2b,unicorn-pitches-gsd-demo-day-d287c1a7,Unicorn Pitches - GSD Demo Day,2026-06-17T17:00:00+00:00,ends_at,"""Unicorn Pitches - GSD Demo Day"" 2026-06-17 ends at",https://www.google.com/search?q=%22Unicorn+Pitches+-+GSD+Demo+Day%22+2026-06-17+ends+at,needs_research
4f4e8192-988a-457b-bd59-1c83d0d34c2b,unicorn-pitches-gsd-demo-day-d287c1a7,Unicorn Pitches - GSD Demo Day,2026-06-17T17:00:00+00:00,image_url,"""Unicorn Pitches - GSD Demo Day"" 2026-06-17 image url",https://www.google.com/search?q=%22Unicorn+Pitches+-+GSD+Demo+Day%22+2026-06-17+image+url,needs_research
4f4e8192-988a-457b-bd59-1c83d0d34c2b,unicorn-pitches-gsd-demo-day-d287c1a7,Unicorn Pitches - GSD Demo Day,2026-06-17T17:00:00+00:00,description_detail,"""Unicorn Pitches - GSD Demo Day"" 2026-06-17 description detail",https://www.google.com/search?q=%22Unicorn+Pitches+-+GSD+Demo+Day%22+2026-06-17+description+detail,needs_research
4f4e8192-988a-457b-bd59-1c83d0d34c2b,unicorn-pitches-gsd-demo-day-d287c1a7,Unicorn Pitches - GSD Demo Day,2026-06-17T17:00:00+00:00,organizer_identity,"""Unicorn Pitches - GSD Demo Day"" 2026-06-17 organizer identity",https://www.google.com/search?q=%22Unicorn+Pitches+-+GSD+Demo+Day%22+2026-06-17+organizer+identity,needs_research
4f4e8192-988a-457b-bd59-1c83d0d34c2b,unicorn-pitches-gsd-demo-day-d287c1a7,Unicorn Pitches - GSD Demo Day,2026-06-17T17:00:00+00:00,named_participants,"""Unicorn Pitches - GSD Demo Day"" 2026-06-17 cohort companies participants",https://www.google.com/search?q=%22Unicorn+Pitches+-+GSD+Demo+Day%22+2026-06-17+cohort+companies+participants,needs_research
4f4e8192-988a-457b-bd59-1c83d0d34c2b,unicorn-pitches-gsd-demo-day-d287c1a7,Unicorn Pitches - GSD Demo Day,2026-06-17T17:00:00+00:00,supporter_relationships,"""Unicorn Pitches - GSD Demo Day"" 2026-06-17 sponsors supporting organizations",https://www.google.com/search?q=%22Unicorn+Pitches+-+GSD+Demo+Day%22+2026-06-17+sponsors+supporting+organizations,needs_research
1c4a308b-9dd6-40f8-99cb-bbb5c2eef7b4,gpu-cuda-and-pytorch-performance-optimizations-974c79a6,"GPU, CUDA, and PyTorch Performance Optimizations",2026-06-15T16:00:00+00:00,ends_at,"""GPU, CUDA, and PyTorch Performance Optimizations"" 2026-06-15 ends at",https://www.google.com/search?q=%22GPU%2C+CUDA%2C+and+PyTorch+Performance+Optimizations%22+2026-06-15+ends+at,needs_research
1c4a308b-9dd6-40f8-99cb-bbb5c2eef7b4,gpu-cuda-and-pytorch-performance-optimizations-974c79a6,"GPU, CUDA, and PyTorch Performance Optimizations",2026-06-15T16:00:00+00:00,named_participants,"""GPU, CUDA, and PyTorch Performance Optimizations"" 2026-06-15 cohort companies participants",https://www.google.com/search?q=%22GPU%2C+CUDA%2C+and+PyTorch+Performance+Optimizations%22+2026-06-15+cohort+companies+participants,needs_research
1c4a308b-9dd6-40f8-99cb-bbb5c2eef7b4,gpu-cuda-and-pytorch-performance-optimizations-974c79a6,"GPU, CUDA, and PyTorch Performance Optimizations",2026-06-15T16:00:00+00:00,supporter_relationships,"""GPU, CUDA, and PyTorch Performance Optimizations"" 2026-06-15 sponsors supporting organizations",https://www.google.com/search?q=%22GPU%2C+CUDA%2C+and+PyTorch+Performance+Optimizations%22+2026-06-15+sponsors+supporting+organizations,needs_research
4ddcd56b-76a1-4ebd-9d7e-6b8c0595b816,future-founders-university-innovators-pitch-competition-application-deadline-416,Future Founders: University Innovators Pitch Competition Application Deadline,2026-06-09T03:59:00+00:00,ends_at,"""Future Founders: University Innovators Pitch Competition Application Deadline"" 2026-06-09 ends at",https://www.google.com/search?q=%22Future+Founders%3A+University+Innovators+Pitch+Competition+Application+Deadline%22+2026-06-09+ends+at,needs_research
4ddcd56b-76a1-4ebd-9d7e-6b8c0595b816,future-founders-university-innovators-pitch-competition-application-deadline-416,Future Founders: University Innovators Pitch Competition Application Deadline,2026-06-09T03:59:00+00:00,image_url,"""Future Founders: University Innovators Pitch Competition Application Deadline"" 2026-06-09 image url",https://www.google.com/search?q=%22Future+Founders%3A+University+Innovators+Pitch+Competition+Application+Deadline%22+2026-06-09+image+url,needs_research
4ddcd56b-76a1-4ebd-9d7e-6b8c0595b816,future-founders-university-innovators-pitch-competition-application-deadline-416,Future Founders: University Innovators Pitch Competition Application Deadline,2026-06-09T03:59:00+00:00,description_detail,"""Future Founders: University Innovators Pitch Competition Application Deadline"" 2026-06-09 description detail",https://www.google.com/search?q=%22Future+Founders%3A+University+Innovators+Pitch+Competition+Application+Deadline%22+2026-06-09+description+detail,needs_research
4ddcd56b-76a1-4ebd-9d7e-6b8c0595b816,future-founders-university-innovators-pitch-competition-application-deadline-416,Future Founders: University Innovators Pitch Competition Application Deadline,2026-06-09T03:59:00+00:00,organizer_identity,"""Future Founders: University Innovators Pitch Competition Application Deadline"" 2026-06-09 organizer identity",https://www.google.com/search?q=%22Future+Founders%3A+University+Innovators+Pitch+Competition+Application+Deadline%22+2026-06-09+organizer+identity,needs_research
4ddcd56b-76a1-4ebd-9d7e-6b8c0595b816,future-founders-university-innovators-pitch-competition-application-deadline-416,Future Founders: University Innovators Pitch Competition Application Deadline,2026-06-09T03:59:00+00:00,named_participants,"""Future Founders: University Innovators Pitch Competition Application Deadline"" 2026-06-09 cohort companies participants",https://www.google.com/search?q=%22Future+Founders%3A+University+Innovators+Pitch+Competition+Application+Deadline%22+2026-06-09+cohort+companies+participants,needs_research
4ddcd56b-76a1-4ebd-9d7e-6b8c0595b816,future-founders-university-innovators-pitch-competition-application-deadline-416,Future Founders: University Innovators Pitch Competition Application Deadline,2026-06-09T03:59:00+00:00,supporter_relationships,"""Future Founders: University Innovators Pitch Competition Application Deadline"" 2026-06-09 sponsors supporting organizations",https://www.google.com/search?q=%22Future+Founders%3A+University+Innovators+Pitch+Competition+Application+Deadline%22+2026-06-09+sponsors+supporting+organizations,needs_research
7703a2a2-3cd7-4779-a3eb-7537c66b2ca4,start-up-zone-connect-and-pitch-08baf8fd,Start Up Zone Connect and Pitch,2026-06-03T12:30:00+00:00,description_detail,"""Start Up Zone Connect and Pitch"" 2026-06-03 description detail",https://www.google.com/search?q=%22Start+Up+Zone+Connect+and+Pitch%22+2026-06-03+description+detail,needs_research
7703a2a2-3cd7-4779-a3eb-7537c66b2ca4,start-up-zone-connect-and-pitch-08baf8fd,Start Up Zone Connect and Pitch,2026-06-03T12:30:00+00:00,organizer_identity,"""Start Up Zone Connect and Pitch"" 2026-06-03 organizer identity",https://www.google.com/search?q=%22Start+Up+Zone+Connect+and+Pitch%22+2026-06-03+organizer+identity,needs_research
7703a2a2-3cd7-4779-a3eb-7537c66b2ca4,start-up-zone-connect-and-pitch-08baf8fd,Start Up Zone Connect and Pitch,2026-06-03T12:30:00+00:00,named_participants,"""Start Up Zone Connect and Pitch"" 2026-06-03 cohort companies participants",https://www.google.com/search?q=%22Start+Up+Zone+Connect+and+Pitch%22+2026-06-03+cohort+companies+participants,needs_research
7703a2a2-3cd7-4779-a3eb-7537c66b2ca4,start-up-zone-connect-and-pitch-08baf8fd,Start Up Zone Connect and Pitch,2026-06-03T12:30:00+00:00,supporter_relationships,"""Start Up Zone Connect and Pitch"" 2026-06-03 sponsors supporting organizations",https://www.google.com/search?q=%22Start+Up+Zone+Connect+and+Pitch%22+2026-06-03+sponsors+supporting+organizations,needs_research
dce0933a-23ee-453b-becf-e79cd85f3f14,build-with-ai-week-4-demo-day-the-impact-pitch-f1a86e14,Build with AI: Week 4 – Demo Day & The Impact Pitch 🌊,2026-05-28T12:30:00+00:00,ends_at,"""Build with AI: Week 4 – Demo Day & The Impact Pitch 🌊"" 2026-05-28 ends at",https://www.google.com/search?q=%22Build+with+AI%3A+Week+4+%E2%80%93+Demo+Day+%26+The+Impact+Pitch+%F0%9F%8C%8A%22+2026-05-28+ends+at,needs_research
dce0933a-23ee-453b-becf-e79cd85f3f14,build-with-ai-week-4-demo-day-the-impact-pitch-f1a86e14,Build with AI: Week 4 – Demo Day & The Impact Pitch 🌊,2026-05-28T12:30:00+00:00,location,"""Build with AI: Week 4 – Demo Day & The Impact Pitch 🌊"" 2026-05-28 location",https://www.google.com/search?q=%22Build+with+AI%3A+Week+4+%E2%80%93+Demo+Day+%26+The+Impact+Pitch+%F0%9F%8C%8A%22+2026-05-28+location,needs_research
dce0933a-23ee-453b-becf-e79cd85f3f14,build-with-ai-week-4-demo-day-the-impact-pitch-f1a86e14,Build with AI: Week 4 – Demo Day & The Impact Pitch 🌊,2026-05-28T12:30:00+00:00,organizer_identity,"""Build with AI: Week 4 – Demo Day & The Impact Pitch 🌊"" 2026-05-28 organizer identity",https://www.google.com/search?q=%22Build+with+AI%3A+Week+4+%E2%80%93+Demo+Day+%26+The+Impact+Pitch+%F0%9F%8C%8A%22+2026-05-28+organizer+identity,needs_research
dce0933a-23ee-453b-becf-e79cd85f3f14,build-with-ai-week-4-demo-day-the-impact-pitch-f1a86e14,Build with AI: Week 4 – Demo Day & The Impact Pitch 🌊,2026-05-28T12:30:00+00:00,named_participants,"""Build with AI: Week 4 – Demo Day & The Impact Pitch 🌊"" 2026-05-28 cohort companies participants",https://www.google.com/search?q=%22Build+with+AI%3A+Week+4+%E2%80%93+Demo+Day+%26+The+Impact+Pitch+%F0%9F%8C%8A%22+2026-05-28+cohort+companies+participants,needs_research
dce0933a-23ee-453b-becf-e79cd85f3f14,build-with-ai-week-4-demo-day-the-impact-pitch-f1a86e14,Build with AI: Week 4 – Demo Day & The Impact Pitch 🌊,2026-05-28T12:30:00+00:00,supporter_relationships,"""Build with AI: Week 4 – Demo Day & The Impact Pitch 🌊"" 2026-05-28 sponsors supporting organizations",https://www.google.com/search?q=%22Build+with+AI%3A+Week+4+%E2%80%93+Demo+Day+%26+The+Impact+Pitch+%F0%9F%8C%8A%22+2026-05-28+sponsors+supporting+organizations,needs_research
5757150f-3a80-47ee-8dee-a97efed1588a,chesapitch-2026-get-a-front-row-seat-to-our-shark-tank-437eedf7,CHESAPITCH 2026 - Get a Front-Row Seat to our Shark Tank!,2026-05-20T19:00:20+00:00,ends_at,"""CHESAPITCH 2026 - Get a Front-Row Seat to our Shark Tank!"" 2026-05-20 ends at",https://www.google.com/search?q=%22CHESAPITCH+2026+-+Get+a+Front-Row+Seat+to+our+Shark+Tank%21%22+2026-05-20+ends+at,needs_research
5757150f-3a80-47ee-8dee-a97efed1588a,chesapitch-2026-get-a-front-row-seat-to-our-shark-tank-437eedf7,CHESAPITCH 2026 - Get a Front-Row Seat to our Shark Tank!,2026-05-20T19:00:20+00:00,location,"""CHESAPITCH 2026 - Get a Front-Row Seat to our Shark Tank!"" 2026-05-20 location",https://www.google.com/search?q=%22CHESAPITCH+2026+-+Get+a+Front-Row+Seat+to+our+Shark+Tank%21%22+2026-05-20+location,needs_research
5757150f-3a80-47ee-8dee-a97efed1588a,chesapitch-2026-get-a-front-row-seat-to-our-shark-tank-437eedf7,CHESAPITCH 2026 - Get a Front-Row Seat to our Shark Tank!,2026-05-20T19:00:20+00:00,organizer_identity,"""CHESAPITCH 2026 - Get a Front-Row Seat to our Shark Tank!"" 2026-05-20 organizer identity",https://www.google.com/search?q=%22CHESAPITCH+2026+-+Get+a+Front-Row+Seat+to+our+Shark+Tank%21%22+2026-05-20+organizer+identity,needs_research
5757150f-3a80-47ee-8dee-a97efed1588a,chesapitch-2026-get-a-front-row-seat-to-our-shark-tank-437eedf7,CHESAPITCH 2026 - Get a Front-Row Seat to our Shark Tank!,2026-05-20T19:00:20+00:00,named_participants,"""CHESAPITCH 2026 - Get a Front-Row Seat to our Shark Tank!"" 2026-05-20 cohort companies participants",https://www.google.com/search?q=%22CHESAPITCH+2026+-+Get+a+Front-Row+Seat+to+our+Shark+Tank%21%22+2026-05-20+cohort+companies+participants,needs_research
5757150f-3a80-47ee-8dee-a97efed1588a,chesapitch-2026-get-a-front-row-seat-to-our-shark-tank-437eedf7,CHESAPITCH 2026 - Get a Front-Row Seat to our Shark Tank!,2026-05-20T19:00:20+00:00,supporter_relationships,"""CHESAPITCH 2026 - Get a Front-Row Seat to our Shark Tank!"" 2026-05-20 sponsors supporting organizations",https://www.google.com/search?q=%22CHESAPITCH+2026+-+Get+a+Front-Row+Seat+to+our+Shark+Tank%21%22+2026-05-20+sponsors+supporting+organizations,needs_research
fc3494cf-6d4e-4284-9ab0-bf8283930255,mtc-crc-may-chesapitch-01e0a5e3,MTC CRC May ChesaPitch,2026-05-20T19:00:00+00:00,ends_at,"""MTC CRC May ChesaPitch"" 2026-05-20 ends at",https://www.google.com/search?q=%22MTC+CRC+May+ChesaPitch%22+2026-05-20+ends+at,needs_research
fc3494cf-6d4e-4284-9ab0-bf8283930255,mtc-crc-may-chesapitch-01e0a5e3,MTC CRC May ChesaPitch,2026-05-20T19:00:00+00:00,description_detail,"""MTC CRC May ChesaPitch"" 2026-05-20 description detail",https://www.google.com/search?q=%22MTC+CRC+May+ChesaPitch%22+2026-05-20+description+detail,needs_research
fc3494cf-6d4e-4284-9ab0-bf8283930255,mtc-crc-may-chesapitch-01e0a5e3,MTC CRC May ChesaPitch,2026-05-20T19:00:00+00:00,organizer_identity,"""MTC CRC May ChesaPitch"" 2026-05-20 organizer identity",https://www.google.com/search?q=%22MTC+CRC+May+ChesaPitch%22+2026-05-20+organizer+identity,needs_research
fc3494cf-6d4e-4284-9ab0-bf8283930255,mtc-crc-may-chesapitch-01e0a5e3,MTC CRC May ChesaPitch,2026-05-20T19:00:00+00:00,named_participants,"""MTC CRC May ChesaPitch"" 2026-05-20 cohort companies participants",https://www.google.com/search?q=%22MTC+CRC+May+ChesaPitch%22+2026-05-20+cohort+companies+participants,needs_research
fc3494cf-6d4e-4284-9ab0-bf8283930255,mtc-crc-may-chesapitch-01e0a5e3,MTC CRC May ChesaPitch,2026-05-20T19:00:00+00:00,supporter_relationships,"""MTC CRC May ChesaPitch"" 2026-05-20 sponsors supporting organizations",https://www.google.com/search?q=%22MTC+CRC+May+ChesaPitch%22+2026-05-20+sponsors+supporting+organizations,needs_research
cc0b8639-dc11-4216-bd71-99b5fec6fba2,mtc-crc-may-chesapitch-ff560eaa,MTC CRC May ChesaPitch,2026-05-20T15:00:00-04:00,description_detail,"""MTC CRC May ChesaPitch"" 2026-05-20 description detail",https://www.google.com/search?q=%22MTC+CRC+May+ChesaPitch%22+2026-05-20+description+detail,needs_research
cc0b8639-dc11-4216-bd71-99b5fec6fba2,mtc-crc-may-chesapitch-ff560eaa,MTC CRC May ChesaPitch,2026-05-20T15:00:00-04:00,organizer_identity,"""MTC CRC May ChesaPitch"" 2026-05-20 organizer identity",https://www.google.com/search?q=%22MTC+CRC+May+ChesaPitch%22+2026-05-20+organizer+identity,needs_research
cc0b8639-dc11-4216-bd71-99b5fec6fba2,mtc-crc-may-chesapitch-ff560eaa,MTC CRC May ChesaPitch,2026-05-20T15:00:00-04:00,named_participants,"""MTC CRC May ChesaPitch"" 2026-05-20 cohort companies participants",https://www.google.com/search?q=%22MTC+CRC+May+ChesaPitch%22+2026-05-20+cohort+companies+participants,needs_research
cc0b8639-dc11-4216-bd71-99b5fec6fba2,mtc-crc-may-chesapitch-ff560eaa,MTC CRC May ChesaPitch,2026-05-20T15:00:00-04:00,supporter_relationships,"""MTC CRC May ChesaPitch"" 2026-05-20 sponsors supporting organizations",https://www.google.com/search?q=%22MTC+CRC+May+ChesaPitch%22+2026-05-20+sponsors+supporting+organizations,needs_research
d995fd63-a7a4-45ca-a5e2-d99bcf5478fe,chesapitch-2026-get-a-front-row-seat-to-our-shark-tank-may26-2209d28d,CHESAPITCH 2026 - Get a Front-Row Seat to our Shark Tank! - May26,2026-05-19T19:00:20+00:00,ends_at,"""CHESAPITCH 2026 - Get a Front-Row Seat to our Shark Tank! - May26"" 2026-05-19 ends at",https://www.google.com/search?q=%22CHESAPITCH+2026+-+Get+a+Front-Row+Seat+to+our+Shark+Tank%21+-+May26%22+2026-05-19+ends+at,needs_research
d995fd63-a7a4-45ca-a5e2-d99bcf5478fe,chesapitch-2026-get-a-front-row-seat-to-our-shark-tank-may26-2209d28d,CHESAPITCH 2026 - Get a Front-Row Seat to our Shark Tank! - May26,2026-05-19T19:00:20+00:00,location,"""CHESAPITCH 2026 - Get a Front-Row Seat to our Shark Tank! - May26"" 2026-05-19 location",https://www.google.com/search?q=%22CHESAPITCH+2026+-+Get+a+Front-Row+Seat+to+our+Shark+Tank%21+-+May26%22+2026-05-19+location,needs_research
d995fd63-a7a4-45ca-a5e2-d99bcf5478fe,chesapitch-2026-get-a-front-row-seat-to-our-shark-tank-may26-2209d28d,CHESAPITCH 2026 - Get a Front-Row Seat to our Shark Tank! - May26,2026-05-19T19:00:20+00:00,organizer_identity,"""CHESAPITCH 2026 - Get a Front-Row Seat to our Shark Tank! - May26"" 2026-05-19 organizer identity",https://www.google.com/search?q=%22CHESAPITCH+2026+-+Get+a+Front-Row+Seat+to+our+Shark+Tank%21+-+May26%22+2026-05-19+organizer+identity,needs_research
d995fd63-a7a4-45ca-a5e2-d99bcf5478fe,chesapitch-2026-get-a-front-row-seat-to-our-shark-tank-may26-2209d28d,CHESAPITCH 2026 - Get a Front-Row Seat to our Shark Tank! - May26,2026-05-19T19:00:20+00:00,named_participants,"""CHESAPITCH 2026 - Get a Front-Row Seat to our Shark Tank! - May26"" 2026-05-19 cohort companies participants",https://www.google.com/search?q=%22CHESAPITCH+2026+-+Get+a+Front-Row+Seat+to+our+Shark+Tank%21+-+May26%22+2026-05-19+cohort+companies+participants,needs_research
d995fd63-a7a4-45ca-a5e2-d99bcf5478fe,chesapitch-2026-get-a-front-row-seat-to-our-shark-tank-may26-2209d28d,CHESAPITCH 2026 - Get a Front-Row Seat to our Shark Tank! - May26,2026-05-19T19:00:20+00:00,supporter_relationships,"""CHESAPITCH 2026 - Get a Front-Row Seat to our Shark Tank! - May26"" 2026-05-19 sponsors supporting organizations",https://www.google.com/search?q=%22CHESAPITCH+2026+-+Get+a+Front-Row+Seat+to+our+Shark+Tank%21+-+May26%22+2026-05-19+sponsors+supporting+organizations,needs_research
00f494e5-a7b7-4fb3-bf48-91652172bf4b,mtc-crc-may-chesapitch-d181868b,MTC CRC May ChesaPitch,2026-05-19T19:00:00+00:00,image_url,"""MTC CRC May ChesaPitch"" 2026-05-19 image url",https://www.google.com/search?q=%22MTC+CRC+May+ChesaPitch%22+2026-05-19+image+url,needs_research
00f494e5-a7b7-4fb3-bf48-91652172bf4b,mtc-crc-may-chesapitch-d181868b,MTC CRC May ChesaPitch,2026-05-19T19:00:00+00:00,description_detail,"""MTC CRC May ChesaPitch"" 2026-05-19 description detail",https://www.google.com/search?q=%22MTC+CRC+May+ChesaPitch%22+2026-05-19+description+detail,needs_research
00f494e5-a7b7-4fb3-bf48-91652172bf4b,mtc-crc-may-chesapitch-d181868b,MTC CRC May ChesaPitch,2026-05-19T19:00:00+00:00,organizer_identity,"""MTC CRC May ChesaPitch"" 2026-05-19 organizer identity",https://www.google.com/search?q=%22MTC+CRC+May+ChesaPitch%22+2026-05-19+organizer+identity,needs_research
00f494e5-a7b7-4fb3-bf48-91652172bf4b,mtc-crc-may-chesapitch-d181868b,MTC CRC May ChesaPitch,2026-05-19T19:00:00+00:00,named_participants,"""MTC CRC May ChesaPitch"" 2026-05-19 cohort companies participants",https://www.google.com/search?q=%22MTC+CRC+May+ChesaPitch%22+2026-05-19+cohort+companies+participants,needs_research
00f494e5-a7b7-4fb3-bf48-91652172bf4b,mtc-crc-may-chesapitch-d181868b,MTC CRC May ChesaPitch,2026-05-19T19:00:00+00:00,supporter_relationships,"""MTC CRC May ChesaPitch"" 2026-05-19 sponsors supporting organizations",https://www.google.com/search?q=%22MTC+CRC+May+ChesaPitch%22+2026-05-19+sponsors+supporting+organizations,needs_research
11e1135b-81a6-4765-a5aa-a04e92ae9251,pitch-labs-for-entrepreneurs-fairfax-fdec-82844d61,Pitch Labs for Entrepreneurs - Fairfax (FDEC),2026-05-16T14:00:00+00:00,named_participants,"""Pitch Labs for Entrepreneurs - Fairfax (FDEC)"" 2026-05-16 cohort companies participants",https://www.google.com/search?q=%22Pitch+Labs+for+Entrepreneurs+-+Fairfax+%28FDEC%29%22+2026-05-16+cohort+companies+participants,needs_research
11e1135b-81a6-4765-a5aa-a04e92ae9251,pitch-labs-for-entrepreneurs-fairfax-fdec-82844d61,Pitch Labs for Entrepreneurs - Fairfax (FDEC),2026-05-16T14:00:00+00:00,supporter_relationships,"""Pitch Labs for Entrepreneurs - Fairfax (FDEC)"" 2026-05-16 sponsors supporting organizations",https://www.google.com/search?q=%22Pitch+Labs+for+Entrepreneurs+-+Fairfax+%28FDEC%29%22+2026-05-16+sponsors+supporting+organizations,needs_research
26c3cc1f-e2af-41b7-8875-355069c9b50b,foundervine-accelerator-usa-launch-event-281f601c,Foundervine Accelerator USA Launch Event,2026-05-14T14:00:00+00:00,ends_at,"""Foundervine Accelerator USA Launch Event"" 2026-05-14 ends at",https://www.google.com/search?q=%22Foundervine+Accelerator+USA+Launch+Event%22+2026-05-14+ends+at,needs_research
26c3cc1f-e2af-41b7-8875-355069c9b50b,foundervine-accelerator-usa-launch-event-281f601c,Foundervine Accelerator USA Launch Event,2026-05-14T14:00:00+00:00,description_detail,"""Foundervine Accelerator USA Launch Event"" 2026-05-14 description detail",https://www.google.com/search?q=%22Foundervine+Accelerator+USA+Launch+Event%22+2026-05-14+description+detail,needs_research
26c3cc1f-e2af-41b7-8875-355069c9b50b,foundervine-accelerator-usa-launch-event-281f601c,Foundervine Accelerator USA Launch Event,2026-05-14T14:00:00+00:00,organizer_identity,"""Foundervine Accelerator USA Launch Event"" 2026-05-14 organizer identity",https://www.google.com/search?q=%22Foundervine+Accelerator+USA+Launch+Event%22+2026-05-14+organizer+identity,needs_research
26c3cc1f-e2af-41b7-8875-355069c9b50b,foundervine-accelerator-usa-launch-event-281f601c,Foundervine Accelerator USA Launch Event,2026-05-14T14:00:00+00:00,named_participants,"""Foundervine Accelerator USA Launch Event"" 2026-05-14 cohort companies participants",https://www.google.com/search?q=%22Foundervine+Accelerator+USA+Launch+Event%22+2026-05-14+cohort+companies+participants,needs_research
26c3cc1f-e2af-41b7-8875-355069c9b50b,foundervine-accelerator-usa-launch-event-281f601c,Foundervine Accelerator USA Launch Event,2026-05-14T14:00:00+00:00,supporter_relationships,"""Foundervine Accelerator USA Launch Event"" 2026-05-14 sponsors supporting organizations",https://www.google.com/search?q=%22Foundervine+Accelerator+USA+Launch+Event%22+2026-05-14+sponsors+supporting+organizations,needs_research
de0f870a-7497-4130-ab7d-b94dbead6db8,beyond-the-pitch-fitci-entrepreneur-essentials-fa70a461,Beyond the Pitch (FITCI Entrepreneur Essentials),2026-05-13T17:00:00+00:00,ends_at,"""Beyond the Pitch (FITCI Entrepreneur Essentials)"" 2026-05-13 ends at",https://www.google.com/search?q=%22Beyond+the+Pitch+%28FITCI+Entrepreneur+Essentials%29%22+2026-05-13+ends+at,needs_research
de0f870a-7497-4130-ab7d-b94dbead6db8,beyond-the-pitch-fitci-entrepreneur-essentials-fa70a461,Beyond the Pitch (FITCI Entrepreneur Essentials),2026-05-13T17:00:00+00:00,description_detail,"""Beyond the Pitch (FITCI Entrepreneur Essentials)"" 2026-05-13 description detail",https://www.google.com/search?q=%22Beyond+the+Pitch+%28FITCI+Entrepreneur+Essentials%29%22+2026-05-13+description+detail,needs_research
de0f870a-7497-4130-ab7d-b94dbead6db8,beyond-the-pitch-fitci-entrepreneur-essentials-fa70a461,Beyond the Pitch (FITCI Entrepreneur Essentials),2026-05-13T17:00:00+00:00,organizer_identity,"""Beyond the Pitch (FITCI Entrepreneur Essentials)"" 2026-05-13 organizer identity",https://www.google.com/search?q=%22Beyond+the+Pitch+%28FITCI+Entrepreneur+Essentials%29%22+2026-05-13+organizer+identity,needs_research
de0f870a-7497-4130-ab7d-b94dbead6db8,beyond-the-pitch-fitci-entrepreneur-essentials-fa70a461,Beyond the Pitch (FITCI Entrepreneur Essentials),2026-05-13T17:00:00+00:00,named_participants,"""Beyond the Pitch (FITCI Entrepreneur Essentials)"" 2026-05-13 cohort companies participants",https://www.google.com/search?q=%22Beyond+the+Pitch+%28FITCI+Entrepreneur+Essentials%29%22+2026-05-13+cohort+companies+participants,needs_research
de0f870a-7497-4130-ab7d-b94dbead6db8,beyond-the-pitch-fitci-entrepreneur-essentials-fa70a461,Beyond the Pitch (FITCI Entrepreneur Essentials),2026-05-13T17:00:00+00:00,supporter_relationships,"""Beyond the Pitch (FITCI Entrepreneur Essentials)"" 2026-05-13 sponsors supporting organizations",https://www.google.com/search?q=%22Beyond+the+Pitch+%28FITCI+Entrepreneur+Essentials%29%22+2026-05-13+sponsors+supporting+organizations,needs_research
5ba6a15d-6b99-4892-b3b2-1723b72f43b7,market-pulse-pitch-medtech-6e870eb6,Market Pulse Pitch - MedTech,2026-05-12T21:00:00+00:00,description_detail,"""Market Pulse Pitch - MedTech"" 2026-05-12 description detail",https://www.google.com/search?q=%22Market+Pulse+Pitch+-+MedTech%22+2026-05-12+description+detail,needs_research
5ba6a15d-6b99-4892-b3b2-1723b72f43b7,market-pulse-pitch-medtech-6e870eb6,Market Pulse Pitch - MedTech,2026-05-12T21:00:00+00:00,named_participants,"""Market Pulse Pitch - MedTech"" 2026-05-12 cohort companies participants",https://www.google.com/search?q=%22Market+Pulse+Pitch+-+MedTech%22+2026-05-12+cohort+companies+participants,needs_research
5ba6a15d-6b99-4892-b3b2-1723b72f43b7,market-pulse-pitch-medtech-6e870eb6,Market Pulse Pitch - MedTech,2026-05-12T21:00:00+00:00,supporter_relationships,"""Market Pulse Pitch - MedTech"" 2026-05-12 sponsors supporting organizations",https://www.google.com/search?q=%22Market+Pulse+Pitch+-+MedTech%22+2026-05-12+sponsors+supporting+organizations,needs_research
5d4234f8-ddc3-441a-bb9b-b7c2dfb90a68,medtech-market-pulse-pitch-be2a5953,MedTech Market Pulse Pitch,2026-05-12T21:00:00+00:00,ends_at,"""MedTech Market Pulse Pitch"" 2026-05-12 ends at",https://www.google.com/search?q=%22MedTech+Market+Pulse+Pitch%22+2026-05-12+ends+at,needs_research
5d4234f8-ddc3-441a-bb9b-b7c2dfb90a68,medtech-market-pulse-pitch-be2a5953,MedTech Market Pulse Pitch,2026-05-12T21:00:00+00:00,description_detail,"""MedTech Market Pulse Pitch"" 2026-05-12 description detail",https://www.google.com/search?q=%22MedTech+Market+Pulse+Pitch%22+2026-05-12+description+detail,needs_research
5d4234f8-ddc3-441a-bb9b-b7c2dfb90a68,medtech-market-pulse-pitch-be2a5953,MedTech Market Pulse Pitch,2026-05-12T21:00:00+00:00,organizer_identity,"""MedTech Market Pulse Pitch"" 2026-05-12 organizer identity",https://www.google.com/search?q=%22MedTech+Market+Pulse+Pitch%22+2026-05-12+organizer+identity,needs_research
5d4234f8-ddc3-441a-bb9b-b7c2dfb90a68,medtech-market-pulse-pitch-be2a5953,MedTech Market Pulse Pitch,2026-05-12T21:00:00+00:00,named_participants,"""MedTech Market Pulse Pitch"" 2026-05-12 cohort companies participants",https://www.google.com/search?q=%22MedTech+Market+Pulse+Pitch%22+2026-05-12+cohort+companies+participants,needs_research
5d4234f8-ddc3-441a-bb9b-b7c2dfb90a68,medtech-market-pulse-pitch-be2a5953,MedTech Market Pulse Pitch,2026-05-12T21:00:00+00:00,supporter_relationships,"""MedTech Market Pulse Pitch"" 2026-05-12 sponsors supporting organizations",https://www.google.com/search?q=%22MedTech+Market+Pulse+Pitch%22+2026-05-12+sponsors+supporting+organizations,needs_research
e65a7836-1b68-48d2-9e33-b1fa497a0c25,maryland-new-venture-pitch-night-2026-e08e7868,Maryland NEW VENTURE Pitch Night 2026!,2026-05-11T21:00:00+00:00,host_org_name,"""Maryland NEW VENTURE Pitch Night 2026!"" 2026-05-11 host org name",https://www.google.com/search?q=%22Maryland+NEW+VENTURE+Pitch+Night+2026%21%22+2026-05-11+host+org+name,needs_research
e65a7836-1b68-48d2-9e33-b1fa497a0c25,maryland-new-venture-pitch-night-2026-e08e7868,Maryland NEW VENTURE Pitch Night 2026!,2026-05-11T21:00:00+00:00,named_participants,"""Maryland NEW VENTURE Pitch Night 2026!"" 2026-05-11 cohort companies participants",https://www.google.com/search?q=%22Maryland+NEW+VENTURE+Pitch+Night+2026%21%22+2026-05-11+cohort+companies+participants,needs_research
e65a7836-1b68-48d2-9e33-b1fa497a0c25,maryland-new-venture-pitch-night-2026-e08e7868,Maryland NEW VENTURE Pitch Night 2026!,2026-05-11T21:00:00+00:00,supporter_relationships,"""Maryland NEW VENTURE Pitch Night 2026!"" 2026-05-11 sponsors supporting organizations",https://www.google.com/search?q=%22Maryland+NEW+VENTURE+Pitch+Night+2026%21%22+2026-05-11+sponsors+supporting+organizations,needs_research
64bc7ac1-2a7c-4fa2-a687-1401379a1074,bwtech-s-maryland-new-venture-pitch-night-04429a48,bwtech's Maryland NEW VENTURE Pitch Night,2026-05-11T21:00:00+00:00,ends_at,"""bwtech's Maryland NEW VENTURE Pitch Night"" 2026-05-11 ends at",https://www.google.com/search?q=%22bwtech%27s+Maryland+NEW+VENTURE+Pitch+Night%22+2026-05-11+ends+at,needs_research
64bc7ac1-2a7c-4fa2-a687-1401379a1074,bwtech-s-maryland-new-venture-pitch-night-04429a48,bwtech's Maryland NEW VENTURE Pitch Night,2026-05-11T21:00:00+00:00,description_detail,"""bwtech's Maryland NEW VENTURE Pitch Night"" 2026-05-11 description detail",https://www.google.com/search?q=%22bwtech%27s+Maryland+NEW+VENTURE+Pitch+Night%22+2026-05-11+description+detail,needs_research
64bc7ac1-2a7c-4fa2-a687-1401379a1074,bwtech-s-maryland-new-venture-pitch-night-04429a48,bwtech's Maryland NEW VENTURE Pitch Night,2026-05-11T21:00:00+00:00,organizer_identity,"""bwtech's Maryland NEW VENTURE Pitch Night"" 2026-05-11 organizer identity",https://www.google.com/search?q=%22bwtech%27s+Maryland+NEW+VENTURE+Pitch+Night%22+2026-05-11+organizer+identity,needs_research
64bc7ac1-2a7c-4fa2-a687-1401379a1074,bwtech-s-maryland-new-venture-pitch-night-04429a48,bwtech's Maryland NEW VENTURE Pitch Night,2026-05-11T21:00:00+00:00,named_participants,"""bwtech's Maryland NEW VENTURE Pitch Night"" 2026-05-11 cohort companies participants",https://www.google.com/search?q=%22bwtech%27s+Maryland+NEW+VENTURE+Pitch+Night%22+2026-05-11+cohort+companies+participants,needs_research
64bc7ac1-2a7c-4fa2-a687-1401379a1074,bwtech-s-maryland-new-venture-pitch-night-04429a48,bwtech's Maryland NEW VENTURE Pitch Night,2026-05-11T21:00:00+00:00,supporter_relationships,"""bwtech's Maryland NEW VENTURE Pitch Night"" 2026-05-11 sponsors supporting organizations",https://www.google.com/search?q=%22bwtech%27s+Maryland+NEW+VENTURE+Pitch+Night%22+2026-05-11+sponsors+supporting+organizations,needs_research
1ec8d376-7cbe-4d32-8c2a-bd2a0222c807,art-of-the-pitch-the-foundry-the-palava-hut-ee05c073,Art of the Pitch (The Foundry × The Palava Hut),2026-05-08T19:30:00+00:00,description,"""Art of the Pitch (The Foundry × The Palava Hut)"" 2026-05-08 description",https://www.google.com/search?q=%22Art+of+the+Pitch+%28The+Foundry+%C3%97+The+Palava+Hut%29%22+2026-05-08+description,needs_research
1ec8d376-7cbe-4d32-8c2a-bd2a0222c807,art-of-the-pitch-the-foundry-the-palava-hut-ee05c073,Art of the Pitch (The Foundry × The Palava Hut),2026-05-08T19:30:00+00:00,organizer_identity,"""Art of the Pitch (The Foundry × The Palava Hut)"" 2026-05-08 organizer identity",https://www.google.com/search?q=%22Art+of+the+Pitch+%28The+Foundry+%C3%97+The+Palava+Hut%29%22+2026-05-08+organizer+identity,needs_research
1ec8d376-7cbe-4d32-8c2a-bd2a0222c807,art-of-the-pitch-the-foundry-the-palava-hut-ee05c073,Art of the Pitch (The Foundry × The Palava Hut),2026-05-08T19:30:00+00:00,named_participants,"""Art of the Pitch (The Foundry × The Palava Hut)"" 2026-05-08 cohort companies participants",https://www.google.com/search?q=%22Art+of+the+Pitch+%28The+Foundry+%C3%97+The+Palava+Hut%29%22+2026-05-08+cohort+companies+participants,needs_research
1ec8d376-7cbe-4d32-8c2a-bd2a0222c807,art-of-the-pitch-the-foundry-the-palava-hut-ee05c073,Art of the Pitch (The Foundry × The Palava Hut),2026-05-08T19:30:00+00:00,supporter_relationships,"""Art of the Pitch (The Foundry × The Palava Hut)"" 2026-05-08 sponsors supporting organizations",https://www.google.com/search?q=%22Art+of+the+Pitch+%28The+Foundry+%C3%97+The+Palava+Hut%29%22+2026-05-08+sponsors+supporting+organizations,needs_research
747ee3f6-19b2-4519-a967-7a1549717303,spark-s-startup-social-a4384228,Spark’s Startup Social,2026-05-07T21:30:00+00:00,host_org_name,"""Spark’s Startup Social"" 2026-05-07 host org name",https://www.google.com/search?q=%22Spark%E2%80%99s+Startup+Social%22+2026-05-07+host+org+name,needs_research
747ee3f6-19b2-4519-a967-7a1549717303,spark-s-startup-social-a4384228,Spark’s Startup Social,2026-05-07T21:30:00+00:00,named_participants,"""Spark’s Startup Social"" 2026-05-07 cohort companies participants",https://www.google.com/search?q=%22Spark%E2%80%99s+Startup+Social%22+2026-05-07+cohort+companies+participants,needs_research
747ee3f6-19b2-4519-a967-7a1549717303,spark-s-startup-social-a4384228,Spark’s Startup Social,2026-05-07T21:30:00+00:00,supporter_relationships,"""Spark’s Startup Social"" 2026-05-07 sponsors supporting organizations",https://www.google.com/search?q=%22Spark%E2%80%99s+Startup+Social%22+2026-05-07+sponsors+supporting+organizations,needs_research
9007c656-ae6c-4794-8fe1-ff3b10fadf08,ubalt-s-14th-annual-rise-to-the-challenge-2026-business-pitch-competition-3d597e,UBalt’s 14th Annual 'Rise to the Challenge' 2026 Business Pitch Competition,2026-05-06T21:30:00+00:00,description_detail,"""UBalt’s 14th Annual 'Rise to the Challenge' 2026 Business Pitch Competition"" 2026-05-06 description detail",https://www.google.com/search?q=%22UBalt%E2%80%99s+14th+Annual+%27Rise+to+the+Challenge%27+2026+Business+Pitch+Competition%22+2026-05-06+description+detail,needs_research
9007c656-ae6c-4794-8fe1-ff3b10fadf08,ubalt-s-14th-annual-rise-to-the-challenge-2026-business-pitch-competition-3d597e,UBalt’s 14th Annual 'Rise to the Challenge' 2026 Business Pitch Competition,2026-05-06T21:30:00+00:00,named_participants,"""UBalt’s 14th Annual 'Rise to the Challenge' 2026 Business Pitch Competition"" 2026-05-06 cohort companies participants",https://www.google.com/search?q=%22UBalt%E2%80%99s+14th+Annual+%27Rise+to+the+Challenge%27+2026+Business+Pitch+Competition%22+2026-05-06+cohort+companies+participants,needs_research
9007c656-ae6c-4794-8fe1-ff3b10fadf08,ubalt-s-14th-annual-rise-to-the-challenge-2026-business-pitch-competition-3d597e,UBalt’s 14th Annual 'Rise to the Challenge' 2026 Business Pitch Competition,2026-05-06T21:30:00+00:00,supporter_relationships,"""UBalt’s 14th Annual 'Rise to the Challenge' 2026 Business Pitch Competition"" 2026-05-06 sponsors supporting organizations",https://www.google.com/search?q=%22UBalt%E2%80%99s+14th+Annual+%27Rise+to+the+Challenge%27+2026+Business+Pitch+Competition%22+2026-05-06+sponsors+supporting+organizations,needs_research
4e5a0188-ba8d-45cd-90da-b09614665555,bwtech-s-startup-showcase-virtual-40ec797e,bwtech’s Startup Showcase (Virtual),2026-05-06T21:00:00+00:00,ends_at,"""bwtech’s Startup Showcase (Virtual)"" 2026-05-06 ends at",https://www.google.com/search?q=%22bwtech%E2%80%99s+Startup+Showcase+%28Virtual%29%22+2026-05-06+ends+at,needs_research
4e5a0188-ba8d-45cd-90da-b09614665555,bwtech-s-startup-showcase-virtual-40ec797e,bwtech’s Startup Showcase (Virtual),2026-05-06T21:00:00+00:00,description_detail,"""bwtech’s Startup Showcase (Virtual)"" 2026-05-06 description detail",https://www.google.com/search?q=%22bwtech%E2%80%99s+Startup+Showcase+%28Virtual%29%22+2026-05-06+description+detail,needs_research
4e5a0188-ba8d-45cd-90da-b09614665555,bwtech-s-startup-showcase-virtual-40ec797e,bwtech’s Startup Showcase (Virtual),2026-05-06T21:00:00+00:00,organizer_identity,"""bwtech’s Startup Showcase (Virtual)"" 2026-05-06 organizer identity",https://www.google.com/search?q=%22bwtech%E2%80%99s+Startup+Showcase+%28Virtual%29%22+2026-05-06+organizer+identity,needs_research
4e5a0188-ba8d-45cd-90da-b09614665555,bwtech-s-startup-showcase-virtual-40ec797e,bwtech’s Startup Showcase (Virtual),2026-05-06T21:00:00+00:00,named_participants,"""bwtech’s Startup Showcase (Virtual)"" 2026-05-06 cohort companies participants",https://www.google.com/search?q=%22bwtech%E2%80%99s+Startup+Showcase+%28Virtual%29%22+2026-05-06+cohort+companies+participants,needs_research
4e5a0188-ba8d-45cd-90da-b09614665555,bwtech-s-startup-showcase-virtual-40ec797e,bwtech’s Startup Showcase (Virtual),2026-05-06T21:00:00+00:00,supporter_relationships,"""bwtech’s Startup Showcase (Virtual)"" 2026-05-06 sponsors supporting organizations",https://www.google.com/search?q=%22bwtech%E2%80%99s+Startup+Showcase+%28Virtual%29%22+2026-05-06+sponsors+supporting+organizations,needs_research
d03723d1-b4ef-4146-a555-b381bdba00e3,startup-accelerator-showcase-2026-f0beb619,STARTUP Accelerator Showcase 2026!,2026-05-06T21:00:00+00:00,host_org_name,"""STARTUP Accelerator Showcase 2026!"" 2026-05-06 host org name",https://www.google.com/search?q=%22STARTUP+Accelerator+Showcase+2026%21%22+2026-05-06+host+org+name,needs_research
d03723d1-b4ef-4146-a555-b381bdba00e3,startup-accelerator-showcase-2026-f0beb619,STARTUP Accelerator Showcase 2026!,2026-05-06T21:00:00+00:00,named_participants,"""STARTUP Accelerator Showcase 2026!"" 2026-05-06 cohort companies participants",https://www.google.com/search?q=%22STARTUP+Accelerator+Showcase+2026%21%22+2026-05-06+cohort+companies+participants,needs_research
d03723d1-b4ef-4146-a555-b381bdba00e3,startup-accelerator-showcase-2026-f0beb619,STARTUP Accelerator Showcase 2026!,2026-05-06T21:00:00+00:00,supporter_relationships,"""STARTUP Accelerator Showcase 2026!"" 2026-05-06 sponsors supporting organizations",https://www.google.com/search?q=%22STARTUP+Accelerator+Showcase+2026%21%22+2026-05-06+sponsors+supporting+organizations,needs_research
3946acae-8faa-44d1-b19c-bdf804480c8d,climatetech-pitch-party-591e150a,Climatetech Pitch Party,2026-05-06T18:30:00+00:00,description,"""Climatetech Pitch Party"" 2026-05-06 description",https://www.google.com/search?q=%22Climatetech+Pitch+Party%22+2026-05-06+description,needs_research
3946acae-8faa-44d1-b19c-bdf804480c8d,climatetech-pitch-party-591e150a,Climatetech Pitch Party,2026-05-06T18:30:00+00:00,named_participants,"""Climatetech Pitch Party"" 2026-05-06 cohort companies participants",https://www.google.com/search?q=%22Climatetech+Pitch+Party%22+2026-05-06+cohort+companies+participants,needs_research
3946acae-8faa-44d1-b19c-bdf804480c8d,climatetech-pitch-party-591e150a,Climatetech Pitch Party,2026-05-06T18:30:00+00:00,supporter_relationships,"""Climatetech Pitch Party"" 2026-05-06 sponsors supporting organizations",https://www.google.com/search?q=%22Climatetech+Pitch+Party%22+2026-05-06+sponsors+supporting+organizations,needs_research
73866343-fb72-4bec-ac81-69f120c4e878,hoco-higher-ceo-accelerator-45d04cb6,HoCo Higher: CEO Accelerator,2026-05-05T12:00:00+00:00,description_detail,"""HoCo Higher: CEO Accelerator"" 2026-05-05 description detail",https://www.google.com/search?q=%22HoCo+Higher%3A+CEO+Accelerator%22+2026-05-05+description+detail,needs_research
73866343-fb72-4bec-ac81-69f120c4e878,hoco-higher-ceo-accelerator-45d04cb6,HoCo Higher: CEO Accelerator,2026-05-05T12:00:00+00:00,named_participants,"""HoCo Higher: CEO Accelerator"" 2026-05-05 cohort companies participants",https://www.google.com/search?q=%22HoCo+Higher%3A+CEO+Accelerator%22+2026-05-05+cohort+companies+participants,needs_research
73866343-fb72-4bec-ac81-69f120c4e878,hoco-higher-ceo-accelerator-45d04cb6,HoCo Higher: CEO Accelerator,2026-05-05T12:00:00+00:00,supporter_relationships,"""HoCo Higher: CEO Accelerator"" 2026-05-05 sponsors supporting organizations",https://www.google.com/search?q=%22HoCo+Higher%3A+CEO+Accelerator%22+2026-05-05+sponsors+supporting+organizations,needs_research
04f733c0-07e7-45a1-9f37-1c127c377ddd,bridging-innovation-week-competition-day-200cddfe,Bridging Innovation Week: Competition Day,2026-04-29T04:00:00+00:00,location,"""Bridging Innovation Week: Competition Day"" 2026-04-29 location",https://www.google.com/search?q=%22Bridging+Innovation+Week%3A+Competition+Day%22+2026-04-29+location,needs_research
04f733c0-07e7-45a1-9f37-1c127c377ddd,bridging-innovation-week-competition-day-200cddfe,Bridging Innovation Week: Competition Day,2026-04-29T04:00:00+00:00,host_org_name,"""Bridging Innovation Week: Competition Day"" 2026-04-29 host org name",https://www.google.com/search?q=%22Bridging+Innovation+Week%3A+Competition+Day%22+2026-04-29+host+org+name,needs_research
04f733c0-07e7-45a1-9f37-1c127c377ddd,bridging-innovation-week-competition-day-200cddfe,Bridging Innovation Week: Competition Day,2026-04-29T04:00:00+00:00,named_participants,"""Bridging Innovation Week: Competition Day"" 2026-04-29 cohort companies participants",https://www.google.com/search?q=%22Bridging+Innovation+Week%3A+Competition+Day%22+2026-04-29+cohort+companies+participants,needs_research
04f733c0-07e7-45a1-9f37-1c127c377ddd,bridging-innovation-week-competition-day-200cddfe,Bridging Innovation Week: Competition Day,2026-04-29T04:00:00+00:00,supporter_relationships,"""Bridging Innovation Week: Competition Day"" 2026-04-29 sponsors supporting organizations",https://www.google.com/search?q=%22Bridging+Innovation+Week%3A+Competition+Day%22+2026-04-29+sponsors+supporting+organizations,needs_research
c3dc72a0-f684-46c8-91fe-c73864a8c349,greater-baltimore-urban-league-2026-business-summit-pitch-competition-c1a24e4f,Greater Baltimore Urban League 2026 Business Summit & Pitch Competition,2026-04-24T17:00:00-04:00,ends_at,"""Greater Baltimore Urban League 2026 Business Summit & Pitch Competition"" 2026-04-24 ends at",https://www.google.com/search?q=%22Greater+Baltimore+Urban+League+2026+Business+Summit+%26+Pitch+Competition%22+2026-04-24+ends+at,needs_research
c3dc72a0-f684-46c8-91fe-c73864a8c349,greater-baltimore-urban-league-2026-business-summit-pitch-competition-c1a24e4f,Greater Baltimore Urban League 2026 Business Summit & Pitch Competition,2026-04-24T17:00:00-04:00,description_detail,"""Greater Baltimore Urban League 2026 Business Summit & Pitch Competition"" 2026-04-24 description detail",https://www.google.com/search?q=%22Greater+Baltimore+Urban+League+2026+Business+Summit+%26+Pitch+Competition%22+2026-04-24+description+detail,needs_research
c3dc72a0-f684-46c8-91fe-c73864a8c349,greater-baltimore-urban-league-2026-business-summit-pitch-competition-c1a24e4f,Greater Baltimore Urban League 2026 Business Summit & Pitch Competition,2026-04-24T17:00:00-04:00,organizer_identity,"""Greater Baltimore Urban League 2026 Business Summit & Pitch Competition"" 2026-04-24 organizer identity",https://www.google.com/search?q=%22Greater+Baltimore+Urban+League+2026+Business+Summit+%26+Pitch+Competition%22+2026-04-24+organizer+identity,needs_research
c3dc72a0-f684-46c8-91fe-c73864a8c349,greater-baltimore-urban-league-2026-business-summit-pitch-competition-c1a24e4f,Greater Baltimore Urban League 2026 Business Summit & Pitch Competition,2026-04-24T17:00:00-04:00,named_participants,"""Greater Baltimore Urban League 2026 Business Summit & Pitch Competition"" 2026-04-24 cohort companies participants",https://www.google.com/search?q=%22Greater+Baltimore+Urban+League+2026+Business+Summit+%26+Pitch+Competition%22+2026-04-24+cohort+companies+participants,needs_research
c3dc72a0-f684-46c8-91fe-c73864a8c349,greater-baltimore-urban-league-2026-business-summit-pitch-competition-c1a24e4f,Greater Baltimore Urban League 2026 Business Summit & Pitch Competition,2026-04-24T17:00:00-04:00,supporter_relationships,"""Greater Baltimore Urban League 2026 Business Summit & Pitch Competition"" 2026-04-24 sponsors supporting organizations",https://www.google.com/search?q=%22Greater+Baltimore+Urban+League+2026+Business+Summit+%26+Pitch+Competition%22+2026-04-24+sponsors+supporting+organizations,needs_research
e4294499-1ecd-4aae-86e9-bdf946408c8a,takia-ross-so-you-want-to-pitch-91e242c6,Takia Ross: So You Want to Pitch,2026-04-23T12:00:00-04:00,named_participants,"""Takia Ross: So You Want to Pitch"" 2026-04-23 cohort companies participants",https://www.google.com/search?q=%22Takia+Ross%3A+So+You+Want+to+Pitch%22+2026-04-23+cohort+companies+participants,needs_research
e4294499-1ecd-4aae-86e9-bdf946408c8a,takia-ross-so-you-want-to-pitch-91e242c6,Takia Ross: So You Want to Pitch,2026-04-23T12:00:00-04:00,supporter_relationships,"""Takia Ross: So You Want to Pitch"" 2026-04-23 sponsors supporting organizations",https://www.google.com/search?q=%22Takia+Ross%3A+So+You+Want+to+Pitch%22+2026-04-23+sponsors+supporting+organizations,needs_research
71e5adc4-6666-4045-ac23-2444d3d0bd23,takia-ross-so-you-want-to-pitch-a0968f44,Takia Ross: So You Want to Pitch,2026-04-22T12:00:00-04:00,named_participants,"""Takia Ross: So You Want to Pitch"" 2026-04-22 cohort companies participants",https://www.google.com/search?q=%22Takia+Ross%3A+So+You+Want+to+Pitch%22+2026-04-22+cohort+companies+participants,needs_research
71e5adc4-6666-4045-ac23-2444d3d0bd23,takia-ross-so-you-want-to-pitch-a0968f44,Takia Ross: So You Want to Pitch,2026-04-22T12:00:00-04:00,supporter_relationships,"""Takia Ross: So You Want to Pitch"" 2026-04-22 sponsors supporting organizations",https://www.google.com/search?q=%22Takia+Ross%3A+So+You+Want+to+Pitch%22+2026-04-22+sponsors+supporting+organizations,needs_research
3e68b7f7-fda8-4e24-8134-06718aa71288,mtc-s-inaugural-demo-day-948e195e,MTC's Inaugural Demo Day,2026-04-22T09:00:00-04:00,ends_at,"""MTC's Inaugural Demo Day"" 2026-04-22 ends at",https://www.google.com/search?q=%22MTC%27s+Inaugural+Demo+Day%22+2026-04-22+ends+at,needs_research
3e68b7f7-fda8-4e24-8134-06718aa71288,mtc-s-inaugural-demo-day-948e195e,MTC's Inaugural Demo Day,2026-04-22T09:00:00-04:00,description_detail,"""MTC's Inaugural Demo Day"" 2026-04-22 description detail",https://www.google.com/search?q=%22MTC%27s+Inaugural+Demo+Day%22+2026-04-22+description+detail,needs_research
3e68b7f7-fda8-4e24-8134-06718aa71288,mtc-s-inaugural-demo-day-948e195e,MTC's Inaugural Demo Day,2026-04-22T09:00:00-04:00,organizer_identity,"""MTC's Inaugural Demo Day"" 2026-04-22 organizer identity",https://www.google.com/search?q=%22MTC%27s+Inaugural+Demo+Day%22+2026-04-22+organizer+identity,needs_research
3e68b7f7-fda8-4e24-8134-06718aa71288,mtc-s-inaugural-demo-day-948e195e,MTC's Inaugural Demo Day,2026-04-22T09:00:00-04:00,named_participants,"""MTC's Inaugural Demo Day"" 2026-04-22 cohort companies participants",https://www.google.com/search?q=%22MTC%27s+Inaugural+Demo+Day%22+2026-04-22+cohort+companies+participants,needs_research
3e68b7f7-fda8-4e24-8134-06718aa71288,mtc-s-inaugural-demo-day-948e195e,MTC's Inaugural Demo Day,2026-04-22T09:00:00-04:00,supporter_relationships,"""MTC's Inaugural Demo Day"" 2026-04-22 sponsors supporting organizations",https://www.google.com/search?q=%22MTC%27s+Inaugural+Demo+Day%22+2026-04-22+sponsors+supporting+organizations,needs_research
ec36cb96-8eee-475d-a4d7-78cc49d720c2,mtc-s-inaugural-demo-day-d880eaf1,MTC's Inaugural Demo Day,2026-04-22T09:00:00-04:00,description_detail,"""MTC's Inaugural Demo Day"" 2026-04-22 description detail",https://www.google.com/search?q=%22MTC%27s+Inaugural+Demo+Day%22+2026-04-22+description+detail,needs_research
ec36cb96-8eee-475d-a4d7-78cc49d720c2,mtc-s-inaugural-demo-day-d880eaf1,MTC's Inaugural Demo Day,2026-04-22T09:00:00-04:00,organizer_identity,"""MTC's Inaugural Demo Day"" 2026-04-22 organizer identity",https://www.google.com/search?q=%22MTC%27s+Inaugural+Demo+Day%22+2026-04-22+organizer+identity,needs_research
ec36cb96-8eee-475d-a4d7-78cc49d720c2,mtc-s-inaugural-demo-day-d880eaf1,MTC's Inaugural Demo Day,2026-04-22T09:00:00-04:00,named_participants,"""MTC's Inaugural Demo Day"" 2026-04-22 cohort companies participants",https://www.google.com/search?q=%22MTC%27s+Inaugural+Demo+Day%22+2026-04-22+cohort+companies+participants,needs_research
ec36cb96-8eee-475d-a4d7-78cc49d720c2,mtc-s-inaugural-demo-day-d880eaf1,MTC's Inaugural Demo Day,2026-04-22T09:00:00-04:00,supporter_relationships,"""MTC's Inaugural Demo Day"" 2026-04-22 sponsors supporting organizations",https://www.google.com/search?q=%22MTC%27s+Inaugural+Demo+Day%22+2026-04-22+sponsors+supporting+organizations,needs_research
c4fe69a4-9a3f-4350-98b8-258f8d16402e,start-up-zone-connect-and-pitch-dfb70109,Start Up Zone Connect and Pitch,2026-04-22T08:30:00-04:00,image_url,"""Start Up Zone Connect and Pitch"" 2026-04-22 image url",https://www.google.com/search?q=%22Start+Up+Zone+Connect+and+Pitch%22+2026-04-22+image+url,needs_research
c4fe69a4-9a3f-4350-98b8-258f8d16402e,start-up-zone-connect-and-pitch-dfb70109,Start Up Zone Connect and Pitch,2026-04-22T08:30:00-04:00,organizer_identity,"""Start Up Zone Connect and Pitch"" 2026-04-22 organizer identity",https://www.google.com/search?q=%22Start+Up+Zone+Connect+and+Pitch%22+2026-04-22+organizer+identity,needs_research
c4fe69a4-9a3f-4350-98b8-258f8d16402e,start-up-zone-connect-and-pitch-dfb70109,Start Up Zone Connect and Pitch,2026-04-22T08:30:00-04:00,named_participants,"""Start Up Zone Connect and Pitch"" 2026-04-22 cohort companies participants",https://www.google.com/search?q=%22Start+Up+Zone+Connect+and+Pitch%22+2026-04-22+cohort+companies+participants,needs_research
c4fe69a4-9a3f-4350-98b8-258f8d16402e,start-up-zone-connect-and-pitch-dfb70109,Start Up Zone Connect and Pitch,2026-04-22T08:30:00-04:00,supporter_relationships,"""Start Up Zone Connect and Pitch"" 2026-04-22 sponsors supporting organizations",https://www.google.com/search?q=%22Start+Up+Zone+Connect+and+Pitch%22+2026-04-22+sponsors+supporting+organizations,needs_research
79f73ce7-9093-4d53-9ede-82ad9256a8c3,hoco-higher-accelerator-fast-track-active-cohort-d960bd12,HoCo Higher Accelerator: Fast Track [Active Cohort],2026-04-21T17:30:00-04:00,named_participants,"""HoCo Higher Accelerator: Fast Track [Active Cohort]"" 2026-04-21 cohort companies participants",https://www.google.com/search?q=%22HoCo+Higher+Accelerator%3A+Fast+Track+%5BActive+Cohort%5D%22+2026-04-21+cohort+companies+participants,needs_research
79f73ce7-9093-4d53-9ede-82ad9256a8c3,hoco-higher-accelerator-fast-track-active-cohort-d960bd12,HoCo Higher Accelerator: Fast Track [Active Cohort],2026-04-21T17:30:00-04:00,supporter_relationships,"""HoCo Higher Accelerator: Fast Track [Active Cohort]"" 2026-04-21 sponsors supporting organizations",https://www.google.com/search?q=%22HoCo+Higher+Accelerator%3A+Fast+Track+%5BActive+Cohort%5D%22+2026-04-21+sponsors+supporting+organizations,needs_research
ffe9e236-773b-4834-ae7c-2fd988607fb0,meia-demo-day-05443fda,MEIA Demo Day,2026-04-21T16:00:00-04:00,description_detail,"""MEIA Demo Day"" 2026-04-21 description detail",https://www.google.com/search?q=%22MEIA+Demo+Day%22+2026-04-21+description+detail,needs_research
ffe9e236-773b-4834-ae7c-2fd988607fb0,meia-demo-day-05443fda,MEIA Demo Day,2026-04-21T16:00:00-04:00,named_participants,"""MEIA Demo Day"" 2026-04-21 cohort companies participants",https://www.google.com/search?q=%22MEIA+Demo+Day%22+2026-04-21+cohort+companies+participants,needs_research
ffe9e236-773b-4834-ae7c-2fd988607fb0,meia-demo-day-05443fda,MEIA Demo Day,2026-04-21T16:00:00-04:00,supporter_relationships,"""MEIA Demo Day"" 2026-04-21 sponsors supporting organizations",https://www.google.com/search?q=%22MEIA+Demo+Day%22+2026-04-21+sponsors+supporting+organizations,needs_research
3e09720e-4d22-4829-9375-fbc812b76d4b,lynda-katz-wilner-make-your-pitch-stand-out-50e654a0,Lynda Katz Wilner: Make Your Pitch Stand Out,2026-04-21T12:00:00-04:00,named_participants,"""Lynda Katz Wilner: Make Your Pitch Stand Out"" 2026-04-21 cohort companies participants",https://www.google.com/search?q=%22Lynda+Katz+Wilner%3A+Make+Your+Pitch+Stand+Out%22+2026-04-21+cohort+companies+participants,needs_research
3e09720e-4d22-4829-9375-fbc812b76d4b,lynda-katz-wilner-make-your-pitch-stand-out-50e654a0,Lynda Katz Wilner: Make Your Pitch Stand Out,2026-04-21T12:00:00-04:00,supporter_relationships,"""Lynda Katz Wilner: Make Your Pitch Stand Out"" 2026-04-21 sponsors supporting organizations",https://www.google.com/search?q=%22Lynda+Katz+Wilner%3A+Make+Your+Pitch+Stand+Out%22+2026-04-21+sponsors+supporting+organizations,needs_research
b1475450-a711-4b17-b04e-a797cd4fb05c,amazon-web-services-ai-pitch-competition-in-person-0272f2a4,Amazon Web Services AI Pitch Competition-In Person,2026-04-21T10:00:00-04:00,ends_at,"""Amazon Web Services AI Pitch Competition-In Person"" 2026-04-21 ends at",https://www.google.com/search?q=%22Amazon+Web+Services+AI+Pitch+Competition-In+Person%22+2026-04-21+ends+at,needs_research
b1475450-a711-4b17-b04e-a797cd4fb05c,amazon-web-services-ai-pitch-competition-in-person-0272f2a4,Amazon Web Services AI Pitch Competition-In Person,2026-04-21T10:00:00-04:00,description_detail,"""Amazon Web Services AI Pitch Competition-In Person"" 2026-04-21 description detail",https://www.google.com/search?q=%22Amazon+Web+Services+AI+Pitch+Competition-In+Person%22+2026-04-21+description+detail,needs_research
b1475450-a711-4b17-b04e-a797cd4fb05c,amazon-web-services-ai-pitch-competition-in-person-0272f2a4,Amazon Web Services AI Pitch Competition-In Person,2026-04-21T10:00:00-04:00,organizer_identity,"""Amazon Web Services AI Pitch Competition-In Person"" 2026-04-21 organizer identity",https://www.google.com/search?q=%22Amazon+Web+Services+AI+Pitch+Competition-In+Person%22+2026-04-21+organizer+identity,needs_research
b1475450-a711-4b17-b04e-a797cd4fb05c,amazon-web-services-ai-pitch-competition-in-person-0272f2a4,Amazon Web Services AI Pitch Competition-In Person,2026-04-21T10:00:00-04:00,named_participants,"""Amazon Web Services AI Pitch Competition-In Person"" 2026-04-21 cohort companies participants",https://www.google.com/search?q=%22Amazon+Web+Services+AI+Pitch+Competition-In+Person%22+2026-04-21+cohort+companies+participants,needs_research
b1475450-a711-4b17-b04e-a797cd4fb05c,amazon-web-services-ai-pitch-competition-in-person-0272f2a4,Amazon Web Services AI Pitch Competition-In Person,2026-04-21T10:00:00-04:00,supporter_relationships,"""Amazon Web Services AI Pitch Competition-In Person"" 2026-04-21 sponsors supporting organizations",https://www.google.com/search?q=%22Amazon+Web+Services+AI+Pitch+Competition-In+Person%22+2026-04-21+sponsors+supporting+organizations,needs_research
b0107ddc-9e33-4989-87bb-5b08eeb54339,2026-cangialosi-business-innovation-competition-d0743c16,2026 Cangialosi Business Innovation Competition,2026-04-16T18:30:00-04:00,host_org_name,"""2026 Cangialosi Business Innovation Competition"" 2026-04-16 host org name",https://www.google.com/search?q=%222026+Cangialosi+Business+Innovation+Competition%22+2026-04-16+host+org+name,needs_research
b0107ddc-9e33-4989-87bb-5b08eeb54339,2026-cangialosi-business-innovation-competition-d0743c16,2026 Cangialosi Business Innovation Competition,2026-04-16T18:30:00-04:00,named_participants,"""2026 Cangialosi Business Innovation Competition"" 2026-04-16 cohort companies participants",https://www.google.com/search?q=%222026+Cangialosi+Business+Innovation+Competition%22+2026-04-16+cohort+companies+participants,needs_research
b0107ddc-9e33-4989-87bb-5b08eeb54339,2026-cangialosi-business-innovation-competition-d0743c16,2026 Cangialosi Business Innovation Competition,2026-04-16T18:30:00-04:00,supporter_relationships,"""2026 Cangialosi Business Innovation Competition"" 2026-04-16 sponsors supporting organizations",https://www.google.com/search?q=%222026+Cangialosi+Business+Innovation+Competition%22+2026-04-16+sponsors+supporting+organizations,needs_research
f9b05211-51dd-4290-9005-b8766b8bd589,pitch-labs-for-entrepreneurs-startup-shell-fdeb8b91,Pitch Labs for Entrepreneurs @ Startup Shell,2026-04-15T18:30:00-04:00,named_participants,"""Pitch Labs for Entrepreneurs @ Startup Shell"" 2026-04-15 cohort companies participants",https://www.google.com/search?q=%22Pitch+Labs+for+Entrepreneurs+%40+Startup+Shell%22+2026-04-15+cohort+companies+participants,needs_research
f9b05211-51dd-4290-9005-b8766b8bd589,pitch-labs-for-entrepreneurs-startup-shell-fdeb8b91,Pitch Labs for Entrepreneurs @ Startup Shell,2026-04-15T18:30:00-04:00,supporter_relationships,"""Pitch Labs for Entrepreneurs @ Startup Shell"" 2026-04-15 sponsors supporting organizations",https://www.google.com/search?q=%22Pitch+Labs+for+Entrepreneurs+%40+Startup+Shell%22+2026-04-15+sponsors+supporting+organizations,needs_research
e0e10477-8bf9-4504-b30b-2151691dd22d,hoco-higher-accelerator-fast-track-0903e020,HoCo Higher Accelerator: Fast Track,2026-04-14T17:30:00-04:00,named_participants,"""HoCo Higher Accelerator: Fast Track"" 2026-04-14 cohort companies participants",https://www.google.com/search?q=%22HoCo+Higher+Accelerator%3A+Fast+Track%22+2026-04-14+cohort+companies+participants,needs_research
e0e10477-8bf9-4504-b30b-2151691dd22d,hoco-higher-accelerator-fast-track-0903e020,HoCo Higher Accelerator: Fast Track,2026-04-14T17:30:00-04:00,supporter_relationships,"""HoCo Higher Accelerator: Fast Track"" 2026-04-14 sponsors supporting organizations",https://www.google.com/search?q=%22HoCo+Higher+Accelerator%3A+Fast+Track%22+2026-04-14+sponsors+supporting+organizations,needs_research
18564596-89e2-4f17-abe5-3a5b73526e89,hjf-innovation-labs-montgomerycountymd-biohealth-pitch-showcase-789b73a0,HJF Innovation Labs @ MontgomeryCountyMD – BioHealth Pitch Showcase,2026-04-14T17:00:00-04:00,ends_at,"""HJF Innovation Labs @ MontgomeryCountyMD – BioHealth Pitch Showcase"" 2026-04-14 ends at",https://www.google.com/search?q=%22HJF+Innovation+Labs+%40+MontgomeryCountyMD+%E2%80%93+BioHealth+Pitch+Showcase%22+2026-04-14+ends+at,needs_research
18564596-89e2-4f17-abe5-3a5b73526e89,hjf-innovation-labs-montgomerycountymd-biohealth-pitch-showcase-789b73a0,HJF Innovation Labs @ MontgomeryCountyMD – BioHealth Pitch Showcase,2026-04-14T17:00:00-04:00,description_detail,"""HJF Innovation Labs @ MontgomeryCountyMD – BioHealth Pitch Showcase"" 2026-04-14 description detail",https://www.google.com/search?q=%22HJF+Innovation+Labs+%40+MontgomeryCountyMD+%E2%80%93+BioHealth+Pitch+Showcase%22+2026-04-14+description+detail,needs_research
18564596-89e2-4f17-abe5-3a5b73526e89,hjf-innovation-labs-montgomerycountymd-biohealth-pitch-showcase-789b73a0,HJF Innovation Labs @ MontgomeryCountyMD – BioHealth Pitch Showcase,2026-04-14T17:00:00-04:00,organizer_identity,"""HJF Innovation Labs @ MontgomeryCountyMD – BioHealth Pitch Showcase"" 2026-04-14 organizer identity",https://www.google.com/search?q=%22HJF+Innovation+Labs+%40+MontgomeryCountyMD+%E2%80%93+BioHealth+Pitch+Showcase%22+2026-04-14+organizer+identity,needs_research
18564596-89e2-4f17-abe5-3a5b73526e89,hjf-innovation-labs-montgomerycountymd-biohealth-pitch-showcase-789b73a0,HJF Innovation Labs @ MontgomeryCountyMD – BioHealth Pitch Showcase,2026-04-14T17:00:00-04:00,named_participants,"""HJF Innovation Labs @ MontgomeryCountyMD – BioHealth Pitch Showcase"" 2026-04-14 cohort companies participants",https://www.google.com/search?q=%22HJF+Innovation+Labs+%40+MontgomeryCountyMD+%E2%80%93+BioHealth+Pitch+Showcase%22+2026-04-14+cohort+companies+participants,needs_research
18564596-89e2-4f17-abe5-3a5b73526e89,hjf-innovation-labs-montgomerycountymd-biohealth-pitch-showcase-789b73a0,HJF Innovation Labs @ MontgomeryCountyMD – BioHealth Pitch Showcase,2026-04-14T17:00:00-04:00,supporter_relationships,"""HJF Innovation Labs @ MontgomeryCountyMD – BioHealth Pitch Showcase"" 2026-04-14 sponsors supporting organizations",https://www.google.com/search?q=%22HJF+Innovation+Labs+%40+MontgomeryCountyMD+%E2%80%93+BioHealth+Pitch+Showcase%22+2026-04-14+sponsors+supporting+organizations,needs_research
eabd922e-c6e9-45bf-bcd4-5ffa47d78230,hoco-higher-accelerator-fast-track-603fd962,HoCo Higher Accelerator: Fast Track,2026-04-07T17:30:00-04:00,named_participants,"""HoCo Higher Accelerator: Fast Track"" 2026-04-07 cohort companies participants",https://www.google.com/search?q=%22HoCo+Higher+Accelerator%3A+Fast+Track%22+2026-04-07+cohort+companies+participants,needs_research
eabd922e-c6e9-45bf-bcd4-5ffa47d78230,hoco-higher-accelerator-fast-track-603fd962,HoCo Higher Accelerator: Fast Track,2026-04-07T17:30:00-04:00,supporter_relationships,"""HoCo Higher Accelerator: Fast Track"" 2026-04-07 sponsors supporting organizations",https://www.google.com/search?q=%22HoCo+Higher+Accelerator%3A+Fast+Track%22+2026-04-07+sponsors+supporting+organizations,needs_research
f85d61a3-4ced-4988-bfbf-6a6e16ff3434,startup-grind-social-impact-cohort-soft-launch-demo-day-7f84d1b4,Startup Grind: Social Impact Cohort: Soft Launch Demo Day,2026-04-07T16:00:00-04:00,ends_at,"""Startup Grind: Social Impact Cohort: Soft Launch Demo Day"" 2026-04-07 ends at",https://www.google.com/search?q=%22Startup+Grind%3A+Social+Impact+Cohort%3A+Soft+Launch+Demo+Day%22+2026-04-07+ends+at,needs_research
f85d61a3-4ced-4988-bfbf-6a6e16ff3434,startup-grind-social-impact-cohort-soft-launch-demo-day-7f84d1b4,Startup Grind: Social Impact Cohort: Soft Launch Demo Day,2026-04-07T16:00:00-04:00,description_detail,"""Startup Grind: Social Impact Cohort: Soft Launch Demo Day"" 2026-04-07 description detail",https://www.google.com/search?q=%22Startup+Grind%3A+Social+Impact+Cohort%3A+Soft+Launch+Demo+Day%22+2026-04-07+description+detail,needs_research
f85d61a3-4ced-4988-bfbf-6a6e16ff3434,startup-grind-social-impact-cohort-soft-launch-demo-day-7f84d1b4,Startup Grind: Social Impact Cohort: Soft Launch Demo Day,2026-04-07T16:00:00-04:00,organizer_identity,"""Startup Grind: Social Impact Cohort: Soft Launch Demo Day"" 2026-04-07 organizer identity",https://www.google.com/search?q=%22Startup+Grind%3A+Social+Impact+Cohort%3A+Soft+Launch+Demo+Day%22+2026-04-07+organizer+identity,needs_research
f85d61a3-4ced-4988-bfbf-6a6e16ff3434,startup-grind-social-impact-cohort-soft-launch-demo-day-7f84d1b4,Startup Grind: Social Impact Cohort: Soft Launch Demo Day,2026-04-07T16:00:00-04:00,named_participants,"""Startup Grind: Social Impact Cohort: Soft Launch Demo Day"" 2026-04-07 cohort companies participants",https://www.google.com/search?q=%22Startup+Grind%3A+Social+Impact+Cohort%3A+Soft+Launch+Demo+Day%22+2026-04-07+cohort+companies+participants,needs_research
f85d61a3-4ced-4988-bfbf-6a6e16ff3434,startup-grind-social-impact-cohort-soft-launch-demo-day-7f84d1b4,Startup Grind: Social Impact Cohort: Soft Launch Demo Day,2026-04-07T16:00:00-04:00,supporter_relationships,"""Startup Grind: Social Impact Cohort: Soft Launch Demo Day"" 2026-04-07 sponsors supporting organizations",https://www.google.com/search?q=%22Startup+Grind%3A+Social+Impact+Cohort%3A+Soft+Launch+Demo+Day%22+2026-04-07+sponsors+supporting+organizations,needs_research
9ca6238f-ff41-4faf-b69c-b7f043695ff6,bowie-state-universitys-9th-annual-bulldog-pitch-competition-3a4094c9,Bowie State Universitys 9th Annual Bulldog Pitch Competition,2026-04-07T14:00:00-04:00,ends_at,"""Bowie State Universitys 9th Annual Bulldog Pitch Competition"" 2026-04-07 ends at",https://www.google.com/search?q=%22Bowie+State+Universitys+9th+Annual+Bulldog+Pitch+Competition%22+2026-04-07+ends+at,needs_research
9ca6238f-ff41-4faf-b69c-b7f043695ff6,bowie-state-universitys-9th-annual-bulldog-pitch-competition-3a4094c9,Bowie State Universitys 9th Annual Bulldog Pitch Competition,2026-04-07T14:00:00-04:00,description_detail,"""Bowie State Universitys 9th Annual Bulldog Pitch Competition"" 2026-04-07 description detail",https://www.google.com/search?q=%22Bowie+State+Universitys+9th+Annual+Bulldog+Pitch+Competition%22+2026-04-07+description+detail,needs_research
9ca6238f-ff41-4faf-b69c-b7f043695ff6,bowie-state-universitys-9th-annual-bulldog-pitch-competition-3a4094c9,Bowie State Universitys 9th Annual Bulldog Pitch Competition,2026-04-07T14:00:00-04:00,organizer_identity,"""Bowie State Universitys 9th Annual Bulldog Pitch Competition"" 2026-04-07 organizer identity",https://www.google.com/search?q=%22Bowie+State+Universitys+9th+Annual+Bulldog+Pitch+Competition%22+2026-04-07+organizer+identity,needs_research
9ca6238f-ff41-4faf-b69c-b7f043695ff6,bowie-state-universitys-9th-annual-bulldog-pitch-competition-3a4094c9,Bowie State Universitys 9th Annual Bulldog Pitch Competition,2026-04-07T14:00:00-04:00,named_participants,"""Bowie State Universitys 9th Annual Bulldog Pitch Competition"" 2026-04-07 cohort companies participants",https://www.google.com/search?q=%22Bowie+State+Universitys+9th+Annual+Bulldog+Pitch+Competition%22+2026-04-07+cohort+companies+participants,needs_research
9ca6238f-ff41-4faf-b69c-b7f043695ff6,bowie-state-universitys-9th-annual-bulldog-pitch-competition-3a4094c9,Bowie State Universitys 9th Annual Bulldog Pitch Competition,2026-04-07T14:00:00-04:00,supporter_relationships,"""Bowie State Universitys 9th Annual Bulldog Pitch Competition"" 2026-04-07 sponsors supporting organizations",https://www.google.com/search?q=%22Bowie+State+Universitys+9th+Annual+Bulldog+Pitch+Competition%22+2026-04-07+sponsors+supporting+organizations,needs_research
5681c621-e033-4ace-b5ad-675907b93e9d,foundervine-accelerator-usa-application-deadline-54006b05,Foundervine Accelerator USA Application Deadline,2026-04-07T10:00:00-04:00,ends_at,"""Foundervine Accelerator USA Application Deadline"" 2026-04-07 ends at",https://www.google.com/search?q=%22Foundervine+Accelerator+USA+Application+Deadline%22+2026-04-07+ends+at,needs_research
5681c621-e033-4ace-b5ad-675907b93e9d,foundervine-accelerator-usa-application-deadline-54006b05,Foundervine Accelerator USA Application Deadline,2026-04-07T10:00:00-04:00,description_detail,"""Foundervine Accelerator USA Application Deadline"" 2026-04-07 description detail",https://www.google.com/search?q=%22Foundervine+Accelerator+USA+Application+Deadline%22+2026-04-07+description+detail,needs_research
5681c621-e033-4ace-b5ad-675907b93e9d,foundervine-accelerator-usa-application-deadline-54006b05,Foundervine Accelerator USA Application Deadline,2026-04-07T10:00:00-04:00,organizer_identity,"""Foundervine Accelerator USA Application Deadline"" 2026-04-07 organizer identity",https://www.google.com/search?q=%22Foundervine+Accelerator+USA+Application+Deadline%22+2026-04-07+organizer+identity,needs_research
5681c621-e033-4ace-b5ad-675907b93e9d,foundervine-accelerator-usa-application-deadline-54006b05,Foundervine Accelerator USA Application Deadline,2026-04-07T10:00:00-04:00,named_participants,"""Foundervine Accelerator USA Application Deadline"" 2026-04-07 cohort companies participants",https://www.google.com/search?q=%22Foundervine+Accelerator+USA+Application+Deadline%22+2026-04-07+cohort+companies+participants,needs_research
5681c621-e033-4ace-b5ad-675907b93e9d,foundervine-accelerator-usa-application-deadline-54006b05,Foundervine Accelerator USA Application Deadline,2026-04-07T10:00:00-04:00,supporter_relationships,"""Foundervine Accelerator USA Application Deadline"" 2026-04-07 sponsors supporting organizations",https://www.google.com/search?q=%22Foundervine+Accelerator+USA+Application+Deadline%22+2026-04-07+sponsors+supporting+organizations,needs_research
72f500ec-8f5f-4ae9-88b9-243193b144cd,2026-agora-venture-competition-application-deadline-65f5ecb5,2026 Agora Venture Competition Application Deadline,2026-03-31T23:59:00-04:00,ends_at,"""2026 Agora Venture Competition Application Deadline"" 2026-03-31 ends at",https://www.google.com/search?q=%222026+Agora+Venture+Competition+Application+Deadline%22+2026-03-31+ends+at,needs_research
72f500ec-8f5f-4ae9-88b9-243193b144cd,2026-agora-venture-competition-application-deadline-65f5ecb5,2026 Agora Venture Competition Application Deadline,2026-03-31T23:59:00-04:00,description_detail,"""2026 Agora Venture Competition Application Deadline"" 2026-03-31 description detail",https://www.google.com/search?q=%222026+Agora+Venture+Competition+Application+Deadline%22+2026-03-31+description+detail,needs_research
72f500ec-8f5f-4ae9-88b9-243193b144cd,2026-agora-venture-competition-application-deadline-65f5ecb5,2026 Agora Venture Competition Application Deadline,2026-03-31T23:59:00-04:00,organizer_identity,"""2026 Agora Venture Competition Application Deadline"" 2026-03-31 organizer identity",https://www.google.com/search?q=%222026+Agora+Venture+Competition+Application+Deadline%22+2026-03-31+organizer+identity,needs_research
72f500ec-8f5f-4ae9-88b9-243193b144cd,2026-agora-venture-competition-application-deadline-65f5ecb5,2026 Agora Venture Competition Application Deadline,2026-03-31T23:59:00-04:00,named_participants,"""2026 Agora Venture Competition Application Deadline"" 2026-03-31 cohort companies participants",https://www.google.com/search?q=%222026+Agora+Venture+Competition+Application+Deadline%22+2026-03-31+cohort+companies+participants,needs_research
72f500ec-8f5f-4ae9-88b9-243193b144cd,2026-agora-venture-competition-application-deadline-65f5ecb5,2026 Agora Venture Competition Application Deadline,2026-03-31T23:59:00-04:00,supporter_relationships,"""2026 Agora Venture Competition Application Deadline"" 2026-03-31 sponsors supporting organizations",https://www.google.com/search?q=%222026+Agora+Venture+Competition+Application+Deadline%22+2026-03-31+sponsors+supporting+organizations,needs_research
bc843622-f261-4150-988e-a45fead48b13,amazon-web-services-ai-pitch-competition-entry-deadline-879a021c,Amazon Web Services AI Pitch Competition- Entry Deadline,2026-03-31T23:59:00-04:00,ends_at,"""Amazon Web Services AI Pitch Competition- Entry Deadline"" 2026-03-31 ends at",https://www.google.com/search?q=%22Amazon+Web+Services+AI+Pitch+Competition-+Entry+Deadline%22+2026-03-31+ends+at,needs_research
bc843622-f261-4150-988e-a45fead48b13,amazon-web-services-ai-pitch-competition-entry-deadline-879a021c,Amazon Web Services AI Pitch Competition- Entry Deadline,2026-03-31T23:59:00-04:00,description_detail,"""Amazon Web Services AI Pitch Competition- Entry Deadline"" 2026-03-31 description detail",https://www.google.com/search?q=%22Amazon+Web+Services+AI+Pitch+Competition-+Entry+Deadline%22+2026-03-31+description+detail,needs_research
bc843622-f261-4150-988e-a45fead48b13,amazon-web-services-ai-pitch-competition-entry-deadline-879a021c,Amazon Web Services AI Pitch Competition- Entry Deadline,2026-03-31T23:59:00-04:00,organizer_identity,"""Amazon Web Services AI Pitch Competition- Entry Deadline"" 2026-03-31 organizer identity",https://www.google.com/search?q=%22Amazon+Web+Services+AI+Pitch+Competition-+Entry+Deadline%22+2026-03-31+organizer+identity,needs_research
bc843622-f261-4150-988e-a45fead48b13,amazon-web-services-ai-pitch-competition-entry-deadline-879a021c,Amazon Web Services AI Pitch Competition- Entry Deadline,2026-03-31T23:59:00-04:00,named_participants,"""Amazon Web Services AI Pitch Competition- Entry Deadline"" 2026-03-31 cohort companies participants",https://www.google.com/search?q=%22Amazon+Web+Services+AI+Pitch+Competition-+Entry+Deadline%22+2026-03-31+cohort+companies+participants,needs_research
bc843622-f261-4150-988e-a45fead48b13,amazon-web-services-ai-pitch-competition-entry-deadline-879a021c,Amazon Web Services AI Pitch Competition- Entry Deadline,2026-03-31T23:59:00-04:00,supporter_relationships,"""Amazon Web Services AI Pitch Competition- Entry Deadline"" 2026-03-31 sponsors supporting organizations",https://www.google.com/search?q=%22Amazon+Web+Services+AI+Pitch+Competition-+Entry+Deadline%22+2026-03-31+sponsors+supporting+organizations,needs_research
0fe541b0-8268-4d22-b7e7-19650afb2baa,shrm-labs-workplacetech-accelerator-2026-kickoff-reception-1fbfa466,SHRM Labs' WorkplaceTech Accelerator 2026 Kickoff Reception,2026-03-31T17:30:00-04:00,ends_at,"""SHRM Labs' WorkplaceTech Accelerator 2026 Kickoff Reception"" 2026-03-31 ends at",https://www.google.com/search?q=%22SHRM+Labs%27+WorkplaceTech+Accelerator+2026+Kickoff+Reception%22+2026-03-31+ends+at,needs_research
0fe541b0-8268-4d22-b7e7-19650afb2baa,shrm-labs-workplacetech-accelerator-2026-kickoff-reception-1fbfa466,SHRM Labs' WorkplaceTech Accelerator 2026 Kickoff Reception,2026-03-31T17:30:00-04:00,description_detail,"""SHRM Labs' WorkplaceTech Accelerator 2026 Kickoff Reception"" 2026-03-31 description detail",https://www.google.com/search?q=%22SHRM+Labs%27+WorkplaceTech+Accelerator+2026+Kickoff+Reception%22+2026-03-31+description+detail,needs_research
0fe541b0-8268-4d22-b7e7-19650afb2baa,shrm-labs-workplacetech-accelerator-2026-kickoff-reception-1fbfa466,SHRM Labs' WorkplaceTech Accelerator 2026 Kickoff Reception,2026-03-31T17:30:00-04:00,organizer_identity,"""SHRM Labs' WorkplaceTech Accelerator 2026 Kickoff Reception"" 2026-03-31 organizer identity",https://www.google.com/search?q=%22SHRM+Labs%27+WorkplaceTech+Accelerator+2026+Kickoff+Reception%22+2026-03-31+organizer+identity,needs_research
0fe541b0-8268-4d22-b7e7-19650afb2baa,shrm-labs-workplacetech-accelerator-2026-kickoff-reception-1fbfa466,SHRM Labs' WorkplaceTech Accelerator 2026 Kickoff Reception,2026-03-31T17:30:00-04:00,named_participants,"""SHRM Labs' WorkplaceTech Accelerator 2026 Kickoff Reception"" 2026-03-31 cohort companies participants",https://www.google.com/search?q=%22SHRM+Labs%27+WorkplaceTech+Accelerator+2026+Kickoff+Reception%22+2026-03-31+cohort+companies+participants,needs_research
0fe541b0-8268-4d22-b7e7-19650afb2baa,shrm-labs-workplacetech-accelerator-2026-kickoff-reception-1fbfa466,SHRM Labs' WorkplaceTech Accelerator 2026 Kickoff Reception,2026-03-31T17:30:00-04:00,supporter_relationships,"""SHRM Labs' WorkplaceTech Accelerator 2026 Kickoff Reception"" 2026-03-31 sponsors supporting organizations",https://www.google.com/search?q=%22SHRM+Labs%27+WorkplaceTech+Accelerator+2026+Kickoff+Reception%22+2026-03-31+sponsors+supporting+organizations,needs_research
89604a37-72be-494e-b25c-771ec8f4afe1,maryland-vc-fast-pitch-pitch-connect-fund-10b302e1,"Maryland VC Fast Pitch. Pitch, Connect, Fund!",2026-03-26T18:00:00-04:00,ends_at,"""Maryland VC Fast Pitch. Pitch, Connect, Fund!"" 2026-03-26 ends at",https://www.google.com/search?q=%22Maryland+VC+Fast+Pitch.+Pitch%2C+Connect%2C+Fund%21%22+2026-03-26+ends+at,needs_research
89604a37-72be-494e-b25c-771ec8f4afe1,maryland-vc-fast-pitch-pitch-connect-fund-10b302e1,"Maryland VC Fast Pitch. Pitch, Connect, Fund!",2026-03-26T18:00:00-04:00,description_detail,"""Maryland VC Fast Pitch. Pitch, Connect, Fund!"" 2026-03-26 description detail",https://www.google.com/search?q=%22Maryland+VC+Fast+Pitch.+Pitch%2C+Connect%2C+Fund%21%22+2026-03-26+description+detail,needs_research
89604a37-72be-494e-b25c-771ec8f4afe1,maryland-vc-fast-pitch-pitch-connect-fund-10b302e1,"Maryland VC Fast Pitch. Pitch, Connect, Fund!",2026-03-26T18:00:00-04:00,organizer_identity,"""Maryland VC Fast Pitch. Pitch, Connect, Fund!"" 2026-03-26 organizer identity",https://www.google.com/search?q=%22Maryland+VC+Fast+Pitch.+Pitch%2C+Connect%2C+Fund%21%22+2026-03-26+organizer+identity,needs_research
89604a37-72be-494e-b25c-771ec8f4afe1,maryland-vc-fast-pitch-pitch-connect-fund-10b302e1,"Maryland VC Fast Pitch. Pitch, Connect, Fund!",2026-03-26T18:00:00-04:00,named_participants,"""Maryland VC Fast Pitch. Pitch, Connect, Fund!"" 2026-03-26 cohort companies participants",https://www.google.com/search?q=%22Maryland+VC+Fast+Pitch.+Pitch%2C+Connect%2C+Fund%21%22+2026-03-26+cohort+companies+participants,needs_research
89604a37-72be-494e-b25c-771ec8f4afe1,maryland-vc-fast-pitch-pitch-connect-fund-10b302e1,"Maryland VC Fast Pitch. Pitch, Connect, Fund!",2026-03-26T18:00:00-04:00,supporter_relationships,"""Maryland VC Fast Pitch. Pitch, Connect, Fund!"" 2026-03-26 sponsors supporting organizations",https://www.google.com/search?q=%22Maryland+VC+Fast+Pitch.+Pitch%2C+Connect%2C+Fund%21%22+2026-03-26+sponsors+supporting+organizations,needs_research
ae9b6ff9-085e-45b1-8323-eef2a6c166c4,pitch-and-mingle-series-the-lucky-pitch-f377e981,Pitch and Mingle Series: The Lucky Pitch,2026-03-26T17:00:00-04:00,host_org_name,"""Pitch and Mingle Series: The Lucky Pitch"" 2026-03-26 host org name",https://www.google.com/search?q=%22Pitch+and+Mingle+Series%3A+The+Lucky+Pitch%22+2026-03-26+host+org+name,needs_research
ae9b6ff9-085e-45b1-8323-eef2a6c166c4,pitch-and-mingle-series-the-lucky-pitch-f377e981,Pitch and Mingle Series: The Lucky Pitch,2026-03-26T17:00:00-04:00,description_detail,"""Pitch and Mingle Series: The Lucky Pitch"" 2026-03-26 description detail",https://www.google.com/search?q=%22Pitch+and+Mingle+Series%3A+The+Lucky+Pitch%22+2026-03-26+description+detail,needs_research
ae9b6ff9-085e-45b1-8323-eef2a6c166c4,pitch-and-mingle-series-the-lucky-pitch-f377e981,Pitch and Mingle Series: The Lucky Pitch,2026-03-26T17:00:00-04:00,named_participants,"""Pitch and Mingle Series: The Lucky Pitch"" 2026-03-26 cohort companies participants",https://www.google.com/search?q=%22Pitch+and+Mingle+Series%3A+The+Lucky+Pitch%22+2026-03-26+cohort+companies+participants,needs_research
ae9b6ff9-085e-45b1-8323-eef2a6c166c4,pitch-and-mingle-series-the-lucky-pitch-f377e981,Pitch and Mingle Series: The Lucky Pitch,2026-03-26T17:00:00-04:00,supporter_relationships,"""Pitch and Mingle Series: The Lucky Pitch"" 2026-03-26 sponsors supporting organizations",https://www.google.com/search?q=%22Pitch+and+Mingle+Series%3A+The+Lucky+Pitch%22+2026-03-26+sponsors+supporting+organizations,needs_research
167a8d68-20bd-453e-b82a-ae20b187f579,pitch-and-mingle-series-investor-showcase-a5ac3e5b,Pitch and Mingle Series: Investor Showcase,2026-03-26T17:00:00-04:00,ends_at,"""Pitch and Mingle Series: Investor Showcase"" 2026-03-26 ends at",https://www.google.com/search?q=%22Pitch+and+Mingle+Series%3A+Investor+Showcase%22+2026-03-26+ends+at,needs_research
167a8d68-20bd-453e-b82a-ae20b187f579,pitch-and-mingle-series-investor-showcase-a5ac3e5b,Pitch and Mingle Series: Investor Showcase,2026-03-26T17:00:00-04:00,description_detail,"""Pitch and Mingle Series: Investor Showcase"" 2026-03-26 description detail",https://www.google.com/search?q=%22Pitch+and+Mingle+Series%3A+Investor+Showcase%22+2026-03-26+description+detail,needs_research
167a8d68-20bd-453e-b82a-ae20b187f579,pitch-and-mingle-series-investor-showcase-a5ac3e5b,Pitch and Mingle Series: Investor Showcase,2026-03-26T17:00:00-04:00,organizer_identity,"""Pitch and Mingle Series: Investor Showcase"" 2026-03-26 organizer identity",https://www.google.com/search?q=%22Pitch+and+Mingle+Series%3A+Investor+Showcase%22+2026-03-26+organizer+identity,needs_research
167a8d68-20bd-453e-b82a-ae20b187f579,pitch-and-mingle-series-investor-showcase-a5ac3e5b,Pitch and Mingle Series: Investor Showcase,2026-03-26T17:00:00-04:00,named_participants,"""Pitch and Mingle Series: Investor Showcase"" 2026-03-26 cohort companies participants",https://www.google.com/search?q=%22Pitch+and+Mingle+Series%3A+Investor+Showcase%22+2026-03-26+cohort+companies+participants,needs_research
167a8d68-20bd-453e-b82a-ae20b187f579,pitch-and-mingle-series-investor-showcase-a5ac3e5b,Pitch and Mingle Series: Investor Showcase,2026-03-26T17:00:00-04:00,supporter_relationships,"""Pitch and Mingle Series: Investor Showcase"" 2026-03-26 sponsors supporting organizations",https://www.google.com/search?q=%22Pitch+and+Mingle+Series%3A+Investor+Showcase%22+2026-03-26+sponsors+supporting+organizations,needs_research
2101891a-472f-4873-a3d1-caa33a951725,pitch-and-mingle-series-investor-showcase-7d63581f,Pitch and Mingle Series: Investor Showcase,2026-03-26T17:00:00-04:00,description_detail,"""Pitch and Mingle Series: Investor Showcase"" 2026-03-26 description detail",https://www.google.com/search?q=%22Pitch+and+Mingle+Series%3A+Investor+Showcase%22+2026-03-26+description+detail,needs_research
2101891a-472f-4873-a3d1-caa33a951725,pitch-and-mingle-series-investor-showcase-7d63581f,Pitch and Mingle Series: Investor Showcase,2026-03-26T17:00:00-04:00,named_participants,"""Pitch and Mingle Series: Investor Showcase"" 2026-03-26 cohort companies participants",https://www.google.com/search?q=%22Pitch+and+Mingle+Series%3A+Investor+Showcase%22+2026-03-26+cohort+companies+participants,needs_research
2101891a-472f-4873-a3d1-caa33a951725,pitch-and-mingle-series-investor-showcase-7d63581f,Pitch and Mingle Series: Investor Showcase,2026-03-26T17:00:00-04:00,supporter_relationships,"""Pitch and Mingle Series: Investor Showcase"" 2026-03-26 sponsors supporting organizations",https://www.google.com/search?q=%22Pitch+and+Mingle+Series%3A+Investor+Showcase%22+2026-03-26+sponsors+supporting+organizations,needs_research
7b7eeef9-b3d3-4e73-be3a-f985423e14f3,loyola-university-baltipreneurs-demo-day-91059e18,Loyola University Baltipreneurs Demo Day,2026-03-19T18:30:00-04:00,ends_at,"""Loyola University Baltipreneurs Demo Day"" 2026-03-19 ends at",https://www.google.com/search?q=%22Loyola+University+Baltipreneurs+Demo+Day%22+2026-03-19+ends+at,needs_research
7b7eeef9-b3d3-4e73-be3a-f985423e14f3,loyola-university-baltipreneurs-demo-day-91059e18,Loyola University Baltipreneurs Demo Day,2026-03-19T18:30:00-04:00,description_detail,"""Loyola University Baltipreneurs Demo Day"" 2026-03-19 description detail",https://www.google.com/search?q=%22Loyola+University+Baltipreneurs+Demo+Day%22+2026-03-19+description+detail,needs_research
7b7eeef9-b3d3-4e73-be3a-f985423e14f3,loyola-university-baltipreneurs-demo-day-91059e18,Loyola University Baltipreneurs Demo Day,2026-03-19T18:30:00-04:00,organizer_identity,"""Loyola University Baltipreneurs Demo Day"" 2026-03-19 organizer identity",https://www.google.com/search?q=%22Loyola+University+Baltipreneurs+Demo+Day%22+2026-03-19+organizer+identity,needs_research
7b7eeef9-b3d3-4e73-be3a-f985423e14f3,loyola-university-baltipreneurs-demo-day-91059e18,Loyola University Baltipreneurs Demo Day,2026-03-19T18:30:00-04:00,named_participants,"""Loyola University Baltipreneurs Demo Day"" 2026-03-19 cohort companies participants",https://www.google.com/search?q=%22Loyola+University+Baltipreneurs+Demo+Day%22+2026-03-19+cohort+companies+participants,needs_research
7b7eeef9-b3d3-4e73-be3a-f985423e14f3,loyola-university-baltipreneurs-demo-day-91059e18,Loyola University Baltipreneurs Demo Day,2026-03-19T18:30:00-04:00,supporter_relationships,"""Loyola University Baltipreneurs Demo Day"" 2026-03-19 sponsors supporting organizations",https://www.google.com/search?q=%22Loyola+University+Baltipreneurs+Demo+Day%22+2026-03-19+sponsors+supporting+organizations,needs_research
49752e8c-9ed3-4943-8a82-6d19c913e3fd,hoco-higher-ceo-accelerator-b007642e,HoCo Higher: CEO Accelerator,2026-03-18T08:00:00-04:00,named_participants,"""HoCo Higher: CEO Accelerator"" 2026-03-18 cohort companies participants",https://www.google.com/search?q=%22HoCo+Higher%3A+CEO+Accelerator%22+2026-03-18+cohort+companies+participants,needs_research
49752e8c-9ed3-4943-8a82-6d19c913e3fd,hoco-higher-ceo-accelerator-b007642e,HoCo Higher: CEO Accelerator,2026-03-18T08:00:00-04:00,supporter_relationships,"""HoCo Higher: CEO Accelerator"" 2026-03-18 sponsors supporting organizations",https://www.google.com/search?q=%22HoCo+Higher%3A+CEO+Accelerator%22+2026-03-18+sponsors+supporting+organizations,needs_research
51b4c936-9cc1-43e0-9947-6532a001b407,ubalt-ai-enabled-business-accelerator-demo-day-647c74ec,UBalt AI-Enabled Business Accelerator Demo Day,2026-03-17T17:30:00-04:00,named_participants,"""UBalt AI-Enabled Business Accelerator Demo Day"" 2026-03-17 cohort companies participants",https://www.google.com/search?q=%22UBalt+AI-Enabled+Business+Accelerator+Demo+Day%22+2026-03-17+cohort+companies+participants,needs_research
51b4c936-9cc1-43e0-9947-6532a001b407,ubalt-ai-enabled-business-accelerator-demo-day-647c74ec,UBalt AI-Enabled Business Accelerator Demo Day,2026-03-17T17:30:00-04:00,supporter_relationships,"""UBalt AI-Enabled Business Accelerator Demo Day"" 2026-03-17 sponsors supporting organizations",https://www.google.com/search?q=%22UBalt+AI-Enabled+Business+Accelerator+Demo+Day%22+2026-03-17+sponsors+supporting+organizations,needs_research
4dae0868-5591-4882-b905-450ed78e7cc1,pitch-labs-for-entrepreneurs-350d5956,Pitch Labs for Entrepreneurs,2026-02-27T18:00:00-05:00,host_org_name,"""Pitch Labs for Entrepreneurs"" 2026-02-27 host org name",https://www.google.com/search?q=%22Pitch+Labs+for+Entrepreneurs%22+2026-02-27+host+org+name,needs_research
4dae0868-5591-4882-b905-450ed78e7cc1,pitch-labs-for-entrepreneurs-350d5956,Pitch Labs for Entrepreneurs,2026-02-27T18:00:00-05:00,named_participants,"""Pitch Labs for Entrepreneurs"" 2026-02-27 cohort companies participants",https://www.google.com/search?q=%22Pitch+Labs+for+Entrepreneurs%22+2026-02-27+cohort+companies+participants,needs_research
4dae0868-5591-4882-b905-450ed78e7cc1,pitch-labs-for-entrepreneurs-350d5956,Pitch Labs for Entrepreneurs,2026-02-27T18:00:00-05:00,supporter_relationships,"""Pitch Labs for Entrepreneurs"" 2026-02-27 sponsors supporting organizations",https://www.google.com/search?q=%22Pitch+Labs+for+Entrepreneurs%22+2026-02-27+sponsors+supporting+organizations,needs_research
ec41e4dd-0610-42e5-b2dc-b46b2b33841c,maryland-student-venture-showcase-95a6345c,Maryland Student Venture Showcase,2026-02-19T17:00:00-05:00,ends_at,"""Maryland Student Venture Showcase"" 2026-02-19 ends at",https://www.google.com/search?q=%22Maryland+Student+Venture+Showcase%22+2026-02-19+ends+at,needs_research
ec41e4dd-0610-42e5-b2dc-b46b2b33841c,maryland-student-venture-showcase-95a6345c,Maryland Student Venture Showcase,2026-02-19T17:00:00-05:00,host_org_name,"""Maryland Student Venture Showcase"" 2026-02-19 host org name",https://www.google.com/search?q=%22Maryland+Student+Venture+Showcase%22+2026-02-19+host+org+name,needs_research
ec41e4dd-0610-42e5-b2dc-b46b2b33841c,maryland-student-venture-showcase-95a6345c,Maryland Student Venture Showcase,2026-02-19T17:00:00-05:00,description_detail,"""Maryland Student Venture Showcase"" 2026-02-19 description detail",https://www.google.com/search?q=%22Maryland+Student+Venture+Showcase%22+2026-02-19+description+detail,needs_research
ec41e4dd-0610-42e5-b2dc-b46b2b33841c,maryland-student-venture-showcase-95a6345c,Maryland Student Venture Showcase,2026-02-19T17:00:00-05:00,named_participants,"""Maryland Student Venture Showcase"" 2026-02-19 cohort companies participants",https://www.google.com/search?q=%22Maryland+Student+Venture+Showcase%22+2026-02-19+cohort+companies+participants,needs_research
ec41e4dd-0610-42e5-b2dc-b46b2b33841c,maryland-student-venture-showcase-95a6345c,Maryland Student Venture Showcase,2026-02-19T17:00:00-05:00,supporter_relationships,"""Maryland Student Venture Showcase"" 2026-02-19 sponsors supporting organizations",https://www.google.com/search?q=%22Maryland+Student+Venture+Showcase%22+2026-02-19+sponsors+supporting+organizations,needs_research
a3816ee5-c91e-45c0-8226-1e500daf911c,maryland-student-venture-showcase-f347fe3c,Maryland Student Venture Showcase,2026-02-19T12:00:00-04:00,host_org_name,"""Maryland Student Venture Showcase"" 2026-02-19 host org name",https://www.google.com/search?q=%22Maryland+Student+Venture+Showcase%22+2026-02-19+host+org+name,needs_research
a3816ee5-c91e-45c0-8226-1e500daf911c,maryland-student-venture-showcase-f347fe3c,Maryland Student Venture Showcase,2026-02-19T12:00:00-04:00,named_participants,"""Maryland Student Venture Showcase"" 2026-02-19 cohort companies participants",https://www.google.com/search?q=%22Maryland+Student+Venture+Showcase%22+2026-02-19+cohort+companies+participants,needs_research
a3816ee5-c91e-45c0-8226-1e500daf911c,maryland-student-venture-showcase-f347fe3c,Maryland Student Venture Showcase,2026-02-19T12:00:00-04:00,supporter_relationships,"""Maryland Student Venture Showcase"" 2026-02-19 sponsors supporting organizations",https://www.google.com/search?q=%22Maryland+Student+Venture+Showcase%22+2026-02-19+sponsors+supporting+organizations,needs_research
8ad45ba1-bd76-478e-b016-a282e6373833,mtc-crc-chesapitch-8d4fa1ae,MTC CRC ChesaPitch,2026-02-18T15:00:00-04:00,image_url,"""MTC CRC ChesaPitch"" 2026-02-18 image url",https://www.google.com/search?q=%22MTC+CRC+ChesaPitch%22+2026-02-18+image+url,needs_research
8ad45ba1-bd76-478e-b016-a282e6373833,mtc-crc-chesapitch-8d4fa1ae,MTC CRC ChesaPitch,2026-02-18T15:00:00-04:00,host_org_name,"""MTC CRC ChesaPitch"" 2026-02-18 host org name",https://www.google.com/search?q=%22MTC+CRC+ChesaPitch%22+2026-02-18+host+org+name,needs_research
8ad45ba1-bd76-478e-b016-a282e6373833,mtc-crc-chesapitch-8d4fa1ae,MTC CRC ChesaPitch,2026-02-18T15:00:00-04:00,description_detail,"""MTC CRC ChesaPitch"" 2026-02-18 description detail",https://www.google.com/search?q=%22MTC+CRC+ChesaPitch%22+2026-02-18+description+detail,needs_research
8ad45ba1-bd76-478e-b016-a282e6373833,mtc-crc-chesapitch-8d4fa1ae,MTC CRC ChesaPitch,2026-02-18T15:00:00-04:00,named_participants,"""MTC CRC ChesaPitch"" 2026-02-18 cohort companies participants",https://www.google.com/search?q=%22MTC+CRC+ChesaPitch%22+2026-02-18+cohort+companies+participants,needs_research
8ad45ba1-bd76-478e-b016-a282e6373833,mtc-crc-chesapitch-8d4fa1ae,MTC CRC ChesaPitch,2026-02-18T15:00:00-04:00,supporter_relationships,"""MTC CRC ChesaPitch"" 2026-02-18 sponsors supporting organizations",https://www.google.com/search?q=%22MTC+CRC+ChesaPitch%22+2026-02-18+sponsors+supporting+organizations,needs_research
71e7561c-09c7-49af-8541-50d892c0b8a5,hbcufi-spring-2026-pre-accelerator-application-deadline-d6f65731,HBCUFI Spring 2026 Pre-Accelerator: Application Deadline,2026-02-02T23:59:00-05:00,ends_at,"""HBCUFI Spring 2026 Pre-Accelerator: Application Deadline"" 2026-02-02 ends at",https://www.google.com/search?q=%22HBCUFI+Spring+2026+Pre-Accelerator%3A+Application+Deadline%22+2026-02-02+ends+at,needs_research
71e7561c-09c7-49af-8541-50d892c0b8a5,hbcufi-spring-2026-pre-accelerator-application-deadline-d6f65731,HBCUFI Spring 2026 Pre-Accelerator: Application Deadline,2026-02-02T23:59:00-05:00,host_org_name,"""HBCUFI Spring 2026 Pre-Accelerator: Application Deadline"" 2026-02-02 host org name",https://www.google.com/search?q=%22HBCUFI+Spring+2026+Pre-Accelerator%3A+Application+Deadline%22+2026-02-02+host+org+name,needs_research
71e7561c-09c7-49af-8541-50d892c0b8a5,hbcufi-spring-2026-pre-accelerator-application-deadline-d6f65731,HBCUFI Spring 2026 Pre-Accelerator: Application Deadline,2026-02-02T23:59:00-05:00,description_detail,"""HBCUFI Spring 2026 Pre-Accelerator: Application Deadline"" 2026-02-02 description detail",https://www.google.com/search?q=%22HBCUFI+Spring+2026+Pre-Accelerator%3A+Application+Deadline%22+2026-02-02+description+detail,needs_research
71e7561c-09c7-49af-8541-50d892c0b8a5,hbcufi-spring-2026-pre-accelerator-application-deadline-d6f65731,HBCUFI Spring 2026 Pre-Accelerator: Application Deadline,2026-02-02T23:59:00-05:00,named_participants,"""HBCUFI Spring 2026 Pre-Accelerator: Application Deadline"" 2026-02-02 cohort companies participants",https://www.google.com/search?q=%22HBCUFI+Spring+2026+Pre-Accelerator%3A+Application+Deadline%22+2026-02-02+cohort+companies+participants,needs_research
71e7561c-09c7-49af-8541-50d892c0b8a5,hbcufi-spring-2026-pre-accelerator-application-deadline-d6f65731,HBCUFI Spring 2026 Pre-Accelerator: Application Deadline,2026-02-02T23:59:00-05:00,supporter_relationships,"""HBCUFI Spring 2026 Pre-Accelerator: Application Deadline"" 2026-02-02 sponsors supporting organizations",https://www.google.com/search?q=%22HBCUFI+Spring+2026+Pre-Accelerator%3A+Application+Deadline%22+2026-02-02+sponsors+supporting+organizations,needs_research
0251f5fa-ce0c-420f-b53d-339831bc9996,cyber-howard-accelerator-cohort-ii-graduation-and-demo-day-5e7e50de,Cyber Howard Accelerator Cohort II Graduation and Demo Day,2026-01-27T16:00:00-05:00,host_org_name,"""Cyber Howard Accelerator Cohort II Graduation and Demo Day"" 2026-01-27 host org name",https://www.google.com/search?q=%22Cyber+Howard+Accelerator+Cohort+II+Graduation+and+Demo+Day%22+2026-01-27+host+org+name,needs_research
0251f5fa-ce0c-420f-b53d-339831bc9996,cyber-howard-accelerator-cohort-ii-graduation-and-demo-day-5e7e50de,Cyber Howard Accelerator Cohort II Graduation and Demo Day,2026-01-27T16:00:00-05:00,named_participants,"""Cyber Howard Accelerator Cohort II Graduation and Demo Day"" 2026-01-27 cohort companies participants",https://www.google.com/search?q=%22Cyber+Howard+Accelerator+Cohort+II+Graduation+and+Demo+Day%22+2026-01-27+cohort+companies+participants,needs_research
0251f5fa-ce0c-420f-b53d-339831bc9996,cyber-howard-accelerator-cohort-ii-graduation-and-demo-day-5e7e50de,Cyber Howard Accelerator Cohort II Graduation and Demo Day,2026-01-27T16:00:00-05:00,supporter_relationships,"""Cyber Howard Accelerator Cohort II Graduation and Demo Day"" 2026-01-27 sponsors supporting organizations",https://www.google.com/search?q=%22Cyber+Howard+Accelerator+Cohort+II+Graduation+and+Demo+Day%22+2026-01-27+sponsors+supporting+organizations,needs_research
58333cb9-0773-4aff-8b7c-806503256e84,brite-pitch-present-series-fe8efb39,BRITE:  Pitch & Present Series,2026-01-21T17:30:00-05:00,host_org_name,"""BRITE:  Pitch & Present Series"" 2026-01-21 host org name",https://www.google.com/search?q=%22BRITE%3A++Pitch+%26+Present+Series%22+2026-01-21+host+org+name,needs_research
58333cb9-0773-4aff-8b7c-806503256e84,brite-pitch-present-series-fe8efb39,BRITE:  Pitch & Present Series,2026-01-21T17:30:00-05:00,named_participants,"""BRITE:  Pitch & Present Series"" 2026-01-21 cohort companies participants",https://www.google.com/search?q=%22BRITE%3A++Pitch+%26+Present+Series%22+2026-01-21+cohort+companies+participants,needs_research
58333cb9-0773-4aff-8b7c-806503256e84,brite-pitch-present-series-fe8efb39,BRITE:  Pitch & Present Series,2026-01-21T17:30:00-05:00,supporter_relationships,"""BRITE:  Pitch & Present Series"" 2026-01-21 sponsors supporting organizations",https://www.google.com/search?q=%22BRITE%3A++Pitch+%26+Present+Series%22+2026-01-21+sponsors+supporting+organizations,needs_research
6347b7a2-b80a-42f3-8582-b50f2d53e329,pitch-labs-for-entrepreneurs-554f3528,Pitch Labs for Entrepreneurs,2026-01-17T10:00:00-05:00,host_org_name,"""Pitch Labs for Entrepreneurs"" 2026-01-17 host org name",https://www.google.com/search?q=%22Pitch+Labs+for+Entrepreneurs%22+2026-01-17+host+org+name,needs_research
6347b7a2-b80a-42f3-8582-b50f2d53e329,pitch-labs-for-entrepreneurs-554f3528,Pitch Labs for Entrepreneurs,2026-01-17T10:00:00-05:00,named_participants,"""Pitch Labs for Entrepreneurs"" 2026-01-17 cohort companies participants",https://www.google.com/search?q=%22Pitch+Labs+for+Entrepreneurs%22+2026-01-17+cohort+companies+participants,needs_research
6347b7a2-b80a-42f3-8582-b50f2d53e329,pitch-labs-for-entrepreneurs-554f3528,Pitch Labs for Entrepreneurs,2026-01-17T10:00:00-05:00,supporter_relationships,"""Pitch Labs for Entrepreneurs"" 2026-01-17 sponsors supporting organizations",https://www.google.com/search?q=%22Pitch+Labs+for+Entrepreneurs%22+2026-01-17+sponsors+supporting+organizations,needs_research
9ed07161-ae32-4b8b-b51d-856432c98c5a,cohort-14-demo-day-conscious-venture-lab-program-4b474dfa,Cohort 14 Demo Day | Conscious Venture Lab Program,2026-01-15T17:00:00-04:00,host_org_name,"""Cohort 14 Demo Day | Conscious Venture Lab Program"" 2026-01-15 host org name",https://www.google.com/search?q=%22Cohort+14+Demo+Day+%7C+Conscious+Venture+Lab+Program%22+2026-01-15+host+org+name,needs_research
9ed07161-ae32-4b8b-b51d-856432c98c5a,cohort-14-demo-day-conscious-venture-lab-program-4b474dfa,Cohort 14 Demo Day | Conscious Venture Lab Program,2026-01-15T17:00:00-04:00,named_participants,"""Cohort 14 Demo Day | Conscious Venture Lab Program"" 2026-01-15 cohort companies participants",https://www.google.com/search?q=%22Cohort+14+Demo+Day+%7C+Conscious+Venture+Lab+Program%22+2026-01-15+cohort+companies+participants,needs_research
9ed07161-ae32-4b8b-b51d-856432c98c5a,cohort-14-demo-day-conscious-venture-lab-program-4b474dfa,Cohort 14 Demo Day | Conscious Venture Lab Program,2026-01-15T17:00:00-04:00,supporter_relationships,"""Cohort 14 Demo Day | Conscious Venture Lab Program"" 2026-01-15 sponsors supporting organizations",https://www.google.com/search?q=%22Cohort+14+Demo+Day+%7C+Conscious+Venture+Lab+Program%22+2026-01-15+sponsors+supporting+organizations,needs_research
a13d2e97-1be5-440f-8512-2d6e02a0872f,hoco-higher-accelerator-fast-track-b4b57054,HoCo Higher Accelerator: Fast Track,2026-01-13T17:30:00-05:00,host_org_name,"""HoCo Higher Accelerator: Fast Track"" 2026-01-13 host org name",https://www.google.com/search?q=%22HoCo+Higher+Accelerator%3A+Fast+Track%22+2026-01-13+host+org+name,needs_research
a13d2e97-1be5-440f-8512-2d6e02a0872f,hoco-higher-accelerator-fast-track-b4b57054,HoCo Higher Accelerator: Fast Track,2026-01-13T17:30:00-05:00,named_participants,"""HoCo Higher Accelerator: Fast Track"" 2026-01-13 cohort companies participants",https://www.google.com/search?q=%22HoCo+Higher+Accelerator%3A+Fast+Track%22+2026-01-13+cohort+companies+participants,needs_research
a13d2e97-1be5-440f-8512-2d6e02a0872f,hoco-higher-accelerator-fast-track-b4b57054,HoCo Higher Accelerator: Fast Track,2026-01-13T17:30:00-05:00,supporter_relationships,"""HoCo Higher Accelerator: Fast Track"" 2026-01-13 sponsors supporting organizations",https://www.google.com/search?q=%22HoCo+Higher+Accelerator%3A+Fast+Track%22+2026-01-13+sponsors+supporting+organizations,needs_research
54efb32d-d017-4dc0-90ad-7dcdf6295048,the-big-idea-connectpreneur-holiday-breakfast-pitch-extravaganza-9acd0cdc,The Big Idea CONNECTpreneur Holiday Breakfast & Pitch Extravaganza,2025-12-16T08:00:00-05:00,ends_at,"""The Big Idea CONNECTpreneur Holiday Breakfast & Pitch Extravaganza"" 2025-12-16 ends at",https://www.google.com/search?q=%22The+Big+Idea+CONNECTpreneur+Holiday+Breakfast+%26+Pitch+Extravaganza%22+2025-12-16+ends+at,needs_research
54efb32d-d017-4dc0-90ad-7dcdf6295048,the-big-idea-connectpreneur-holiday-breakfast-pitch-extravaganza-9acd0cdc,The Big Idea CONNECTpreneur Holiday Breakfast & Pitch Extravaganza,2025-12-16T08:00:00-05:00,host_org_name,"""The Big Idea CONNECTpreneur Holiday Breakfast & Pitch Extravaganza"" 2025-12-16 host org name",https://www.google.com/search?q=%22The+Big+Idea+CONNECTpreneur+Holiday+Breakfast+%26+Pitch+Extravaganza%22+2025-12-16+host+org+name,needs_research
54efb32d-d017-4dc0-90ad-7dcdf6295048,the-big-idea-connectpreneur-holiday-breakfast-pitch-extravaganza-9acd0cdc,The Big Idea CONNECTpreneur Holiday Breakfast & Pitch Extravaganza,2025-12-16T08:00:00-05:00,description_detail,"""The Big Idea CONNECTpreneur Holiday Breakfast & Pitch Extravaganza"" 2025-12-16 description detail",https://www.google.com/search?q=%22The+Big+Idea+CONNECTpreneur+Holiday+Breakfast+%26+Pitch+Extravaganza%22+2025-12-16+description+detail,needs_research
54efb32d-d017-4dc0-90ad-7dcdf6295048,the-big-idea-connectpreneur-holiday-breakfast-pitch-extravaganza-9acd0cdc,The Big Idea CONNECTpreneur Holiday Breakfast & Pitch Extravaganza,2025-12-16T08:00:00-05:00,named_participants,"""The Big Idea CONNECTpreneur Holiday Breakfast & Pitch Extravaganza"" 2025-12-16 cohort companies participants",https://www.google.com/search?q=%22The+Big+Idea+CONNECTpreneur+Holiday+Breakfast+%26+Pitch+Extravaganza%22+2025-12-16+cohort+companies+participants,needs_research
54efb32d-d017-4dc0-90ad-7dcdf6295048,the-big-idea-connectpreneur-holiday-breakfast-pitch-extravaganza-9acd0cdc,The Big Idea CONNECTpreneur Holiday Breakfast & Pitch Extravaganza,2025-12-16T08:00:00-05:00,supporter_relationships,"""The Big Idea CONNECTpreneur Holiday Breakfast & Pitch Extravaganza"" 2025-12-16 sponsors supporting organizations",https://www.google.com/search?q=%22The+Big+Idea+CONNECTpreneur+Holiday+Breakfast+%26+Pitch+Extravaganza%22+2025-12-16+sponsors+supporting+organizations,needs_research
3e9551e5-4d39-44bf-993c-29d299fef80a,the-big-idea-connectpreneur-holiday-breakfast-pitch-extravaganza-ee46fc4d,The Big Idea CONNECTpreneur Holiday Breakfast & Pitch Extravaganza,2025-12-16T08:00:00-05:00,ends_at,"""The Big Idea CONNECTpreneur Holiday Breakfast & Pitch Extravaganza"" 2025-12-16 ends at",https://www.google.com/search?q=%22The+Big+Idea+CONNECTpreneur+Holiday+Breakfast+%26+Pitch+Extravaganza%22+2025-12-16+ends+at,needs_research
3e9551e5-4d39-44bf-993c-29d299fef80a,the-big-idea-connectpreneur-holiday-breakfast-pitch-extravaganza-ee46fc4d,The Big Idea CONNECTpreneur Holiday Breakfast & Pitch Extravaganza,2025-12-16T08:00:00-05:00,host_org_name,"""The Big Idea CONNECTpreneur Holiday Breakfast & Pitch Extravaganza"" 2025-12-16 host org name",https://www.google.com/search?q=%22The+Big+Idea+CONNECTpreneur+Holiday+Breakfast+%26+Pitch+Extravaganza%22+2025-12-16+host+org+name,needs_research
3e9551e5-4d39-44bf-993c-29d299fef80a,the-big-idea-connectpreneur-holiday-breakfast-pitch-extravaganza-ee46fc4d,The Big Idea CONNECTpreneur Holiday Breakfast & Pitch Extravaganza,2025-12-16T08:00:00-05:00,description_detail,"""The Big Idea CONNECTpreneur Holiday Breakfast & Pitch Extravaganza"" 2025-12-16 description detail",https://www.google.com/search?q=%22The+Big+Idea+CONNECTpreneur+Holiday+Breakfast+%26+Pitch+Extravaganza%22+2025-12-16+description+detail,needs_research
3e9551e5-4d39-44bf-993c-29d299fef80a,the-big-idea-connectpreneur-holiday-breakfast-pitch-extravaganza-ee46fc4d,The Big Idea CONNECTpreneur Holiday Breakfast & Pitch Extravaganza,2025-12-16T08:00:00-05:00,named_participants,"""The Big Idea CONNECTpreneur Holiday Breakfast & Pitch Extravaganza"" 2025-12-16 cohort companies participants",https://www.google.com/search?q=%22The+Big+Idea+CONNECTpreneur+Holiday+Breakfast+%26+Pitch+Extravaganza%22+2025-12-16+cohort+companies+participants,needs_research
3e9551e5-4d39-44bf-993c-29d299fef80a,the-big-idea-connectpreneur-holiday-breakfast-pitch-extravaganza-ee46fc4d,The Big Idea CONNECTpreneur Holiday Breakfast & Pitch Extravaganza,2025-12-16T08:00:00-05:00,supporter_relationships,"""The Big Idea CONNECTpreneur Holiday Breakfast & Pitch Extravaganza"" 2025-12-16 sponsors supporting organizations",https://www.google.com/search?q=%22The+Big+Idea+CONNECTpreneur+Holiday+Breakfast+%26+Pitch+Extravaganza%22+2025-12-16+sponsors+supporting+organizations,needs_research
eef1ee03-0a65-4227-aed4-f9d0b6ff1479,techstars-ai-health-baltimore-demo-day-6feb6f13,Techstars AI Health Baltimore Demo Day,2025-12-04T17:30:00-05:00,ends_at,"""Techstars AI Health Baltimore Demo Day"" 2025-12-04 ends at",https://www.google.com/search?q=%22Techstars+AI+Health+Baltimore+Demo+Day%22+2025-12-04+ends+at,needs_research
eef1ee03-0a65-4227-aed4-f9d0b6ff1479,techstars-ai-health-baltimore-demo-day-6feb6f13,Techstars AI Health Baltimore Demo Day,2025-12-04T17:30:00-05:00,host_org_name,"""Techstars AI Health Baltimore Demo Day"" 2025-12-04 host org name",https://www.google.com/search?q=%22Techstars+AI+Health+Baltimore+Demo+Day%22+2025-12-04+host+org+name,needs_research
eef1ee03-0a65-4227-aed4-f9d0b6ff1479,techstars-ai-health-baltimore-demo-day-6feb6f13,Techstars AI Health Baltimore Demo Day,2025-12-04T17:30:00-05:00,description_detail,"""Techstars AI Health Baltimore Demo Day"" 2025-12-04 description detail",https://www.google.com/search?q=%22Techstars+AI+Health+Baltimore+Demo+Day%22+2025-12-04+description+detail,needs_research
eef1ee03-0a65-4227-aed4-f9d0b6ff1479,techstars-ai-health-baltimore-demo-day-6feb6f13,Techstars AI Health Baltimore Demo Day,2025-12-04T17:30:00-05:00,named_participants,"""Techstars AI Health Baltimore Demo Day"" 2025-12-04 cohort companies participants",https://www.google.com/search?q=%22Techstars+AI+Health+Baltimore+Demo+Day%22+2025-12-04+cohort+companies+participants,needs_research
eef1ee03-0a65-4227-aed4-f9d0b6ff1479,techstars-ai-health-baltimore-demo-day-6feb6f13,Techstars AI Health Baltimore Demo Day,2025-12-04T17:30:00-05:00,supporter_relationships,"""Techstars AI Health Baltimore Demo Day"" 2025-12-04 sponsors supporting organizations",https://www.google.com/search?q=%22Techstars+AI+Health+Baltimore+Demo+Day%22+2025-12-04+sponsors+supporting+organizations,needs_research
c8f85c97-0653-452d-94ed-a5c6a911f26f,chesapitch-2025-41c6b046,ChesaPitch 2025,2025-11-20T15:58:00-04:00,image_url,"""ChesaPitch 2025"" 2025-11-20 image url",https://www.google.com/search?q=%22ChesaPitch+2025%22+2025-11-20+image+url,needs_research
c8f85c97-0653-452d-94ed-a5c6a911f26f,chesapitch-2025-41c6b046,ChesaPitch 2025,2025-11-20T15:58:00-04:00,host_org_name,"""ChesaPitch 2025"" 2025-11-20 host org name",https://www.google.com/search?q=%22ChesaPitch+2025%22+2025-11-20+host+org+name,needs_research
c8f85c97-0653-452d-94ed-a5c6a911f26f,chesapitch-2025-41c6b046,ChesaPitch 2025,2025-11-20T15:58:00-04:00,description_detail,"""ChesaPitch 2025"" 2025-11-20 description detail",https://www.google.com/search?q=%22ChesaPitch+2025%22+2025-11-20+description+detail,needs_research
c8f85c97-0653-452d-94ed-a5c6a911f26f,chesapitch-2025-41c6b046,ChesaPitch 2025,2025-11-20T15:58:00-04:00,named_participants,"""ChesaPitch 2025"" 2025-11-20 cohort companies participants",https://www.google.com/search?q=%22ChesaPitch+2025%22+2025-11-20+cohort+companies+participants,needs_research
c8f85c97-0653-452d-94ed-a5c6a911f26f,chesapitch-2025-41c6b046,ChesaPitch 2025,2025-11-20T15:58:00-04:00,supporter_relationships,"""ChesaPitch 2025"" 2025-11-20 sponsors supporting organizations",https://www.google.com/search?q=%22ChesaPitch+2025%22+2025-11-20+sponsors+supporting+organizations,needs_research
f6f120c9-ab76-4656-b552-9937517f5b42,chesapitch-2025-f9bae885,ChesaPitch 2025,2025-11-20T15:00:00-04:00,image_url,"""ChesaPitch 2025"" 2025-11-20 image url",https://www.google.com/search?q=%22ChesaPitch+2025%22+2025-11-20+image+url,needs_research
f6f120c9-ab76-4656-b552-9937517f5b42,chesapitch-2025-f9bae885,ChesaPitch 2025,2025-11-20T15:00:00-04:00,host_org_name,"""ChesaPitch 2025"" 2025-11-20 host org name",https://www.google.com/search?q=%22ChesaPitch+2025%22+2025-11-20+host+org+name,needs_research
f6f120c9-ab76-4656-b552-9937517f5b42,chesapitch-2025-f9bae885,ChesaPitch 2025,2025-11-20T15:00:00-04:00,description_detail,"""ChesaPitch 2025"" 2025-11-20 description detail",https://www.google.com/search?q=%22ChesaPitch+2025%22+2025-11-20+description+detail,needs_research
f6f120c9-ab76-4656-b552-9937517f5b42,chesapitch-2025-f9bae885,ChesaPitch 2025,2025-11-20T15:00:00-04:00,named_participants,"""ChesaPitch 2025"" 2025-11-20 cohort companies participants",https://www.google.com/search?q=%22ChesaPitch+2025%22+2025-11-20+cohort+companies+participants,needs_research
f6f120c9-ab76-4656-b552-9937517f5b42,chesapitch-2025-f9bae885,ChesaPitch 2025,2025-11-20T15:00:00-04:00,supporter_relationships,"""ChesaPitch 2025"" 2025-11-20 sponsors supporting organizations",https://www.google.com/search?q=%22ChesaPitch+2025%22+2025-11-20+sponsors+supporting+organizations,needs_research
ff8c6f63-efe4-4bfd-9d60-1e12833fd359,morgan-state-university-entrepreneurs-showcase-pitch-competition-11a7424f,Morgan State University: Entrepreneurs Showcase- Pitch Competition,2025-11-19T17:30:00-05:00,ends_at,"""Morgan State University: Entrepreneurs Showcase- Pitch Competition"" 2025-11-19 ends at",https://www.google.com/search?q=%22Morgan+State+University%3A+Entrepreneurs+Showcase-+Pitch+Competition%22+2025-11-19+ends+at,needs_research
ff8c6f63-efe4-4bfd-9d60-1e12833fd359,morgan-state-university-entrepreneurs-showcase-pitch-competition-11a7424f,Morgan State University: Entrepreneurs Showcase- Pitch Competition,2025-11-19T17:30:00-05:00,host_org_name,"""Morgan State University: Entrepreneurs Showcase- Pitch Competition"" 2025-11-19 host org name",https://www.google.com/search?q=%22Morgan+State+University%3A+Entrepreneurs+Showcase-+Pitch+Competition%22+2025-11-19+host+org+name,needs_research
ff8c6f63-efe4-4bfd-9d60-1e12833fd359,morgan-state-university-entrepreneurs-showcase-pitch-competition-11a7424f,Morgan State University: Entrepreneurs Showcase- Pitch Competition,2025-11-19T17:30:00-05:00,description_detail,"""Morgan State University: Entrepreneurs Showcase- Pitch Competition"" 2025-11-19 description detail",https://www.google.com/search?q=%22Morgan+State+University%3A+Entrepreneurs+Showcase-+Pitch+Competition%22+2025-11-19+description+detail,needs_research
ff8c6f63-efe4-4bfd-9d60-1e12833fd359,morgan-state-university-entrepreneurs-showcase-pitch-competition-11a7424f,Morgan State University: Entrepreneurs Showcase- Pitch Competition,2025-11-19T17:30:00-05:00,named_participants,"""Morgan State University: Entrepreneurs Showcase- Pitch Competition"" 2025-11-19 cohort companies participants",https://www.google.com/search?q=%22Morgan+State+University%3A+Entrepreneurs+Showcase-+Pitch+Competition%22+2025-11-19+cohort+companies+participants,needs_research
ff8c6f63-efe4-4bfd-9d60-1e12833fd359,morgan-state-university-entrepreneurs-showcase-pitch-competition-11a7424f,Morgan State University: Entrepreneurs Showcase- Pitch Competition,2025-11-19T17:30:00-05:00,supporter_relationships,"""Morgan State University: Entrepreneurs Showcase- Pitch Competition"" 2025-11-19 sponsors supporting organizations",https://www.google.com/search?q=%22Morgan+State+University%3A+Entrepreneurs+Showcase-+Pitch+Competition%22+2025-11-19+sponsors+supporting+organizations,needs_research
ecdfb384-d714-4512-8ff3-5dafd7b64c2c,ai-startathon-big-idea-competition-turn-your-ideas-into-a-startup-hosted-by-gdg-,AI Startathon & Big Idea Competition Turn Your Ideas Into a Startup! | Hosted by GDG Annapolis,2025-11-07T10:00:00-05:00,ends_at,"""AI Startathon & Big Idea Competition Turn Your Ideas Into a Startup! | Hosted by GDG Annapolis"" 2025-11-07 ends at",https://www.google.com/search?q=%22AI+Startathon+%26+Big+Idea+Competition+Turn+Your+Ideas+Into+a+Startup%21+%7C+Hosted+by+GDG+Annapolis%22+2025-11-07+ends+at,needs_research
ecdfb384-d714-4512-8ff3-5dafd7b64c2c,ai-startathon-big-idea-competition-turn-your-ideas-into-a-startup-hosted-by-gdg-,AI Startathon & Big Idea Competition Turn Your Ideas Into a Startup! | Hosted by GDG Annapolis,2025-11-07T10:00:00-05:00,host_org_name,"""AI Startathon & Big Idea Competition Turn Your Ideas Into a Startup! | Hosted by GDG Annapolis"" 2025-11-07 host org name",https://www.google.com/search?q=%22AI+Startathon+%26+Big+Idea+Competition+Turn+Your+Ideas+Into+a+Startup%21+%7C+Hosted+by+GDG+Annapolis%22+2025-11-07+host+org+name,needs_research
ecdfb384-d714-4512-8ff3-5dafd7b64c2c,ai-startathon-big-idea-competition-turn-your-ideas-into-a-startup-hosted-by-gdg-,AI Startathon & Big Idea Competition Turn Your Ideas Into a Startup! | Hosted by GDG Annapolis,2025-11-07T10:00:00-05:00,description_detail,"""AI Startathon & Big Idea Competition Turn Your Ideas Into a Startup! | Hosted by GDG Annapolis"" 2025-11-07 description detail",https://www.google.com/search?q=%22AI+Startathon+%26+Big+Idea+Competition+Turn+Your+Ideas+Into+a+Startup%21+%7C+Hosted+by+GDG+Annapolis%22+2025-11-07+description+detail,needs_research
ecdfb384-d714-4512-8ff3-5dafd7b64c2c,ai-startathon-big-idea-competition-turn-your-ideas-into-a-startup-hosted-by-gdg-,AI Startathon & Big Idea Competition Turn Your Ideas Into a Startup! | Hosted by GDG Annapolis,2025-11-07T10:00:00-05:00,named_participants,"""AI Startathon & Big Idea Competition Turn Your Ideas Into a Startup! | Hosted by GDG Annapolis"" 2025-11-07 cohort companies participants",https://www.google.com/search?q=%22AI+Startathon+%26+Big+Idea+Competition+Turn+Your+Ideas+Into+a+Startup%21+%7C+Hosted+by+GDG+Annapolis%22+2025-11-07+cohort+companies+participants,needs_research
ecdfb384-d714-4512-8ff3-5dafd7b64c2c,ai-startathon-big-idea-competition-turn-your-ideas-into-a-startup-hosted-by-gdg-,AI Startathon & Big Idea Competition Turn Your Ideas Into a Startup! | Hosted by GDG Annapolis,2025-11-07T10:00:00-05:00,supporter_relationships,"""AI Startathon & Big Idea Competition Turn Your Ideas Into a Startup! | Hosted by GDG Annapolis"" 2025-11-07 sponsors supporting organizations",https://www.google.com/search?q=%22AI+Startathon+%26+Big+Idea+Competition+Turn+Your+Ideas+Into+a+Startup%21+%7C+Hosted+by+GDG+Annapolis%22+2025-11-07+sponsors+supporting+organizations,needs_research
92935f35-c2e9-4780-bc50-36bbf209ee27,baltipreneurs-accelerator-program-program-application-deadline-3686ebeb,Baltipreneurs Accelerator Program Program Application Deadline,2025-10-31T23:59:00-04:00,ends_at,"""Baltipreneurs Accelerator Program Program Application Deadline"" 2025-10-31 ends at",https://www.google.com/search?q=%22Baltipreneurs+Accelerator+Program+Program+Application+Deadline%22+2025-10-31+ends+at,needs_research
92935f35-c2e9-4780-bc50-36bbf209ee27,baltipreneurs-accelerator-program-program-application-deadline-3686ebeb,Baltipreneurs Accelerator Program Program Application Deadline,2025-10-31T23:59:00-04:00,host_org_name,"""Baltipreneurs Accelerator Program Program Application Deadline"" 2025-10-31 host org name",https://www.google.com/search?q=%22Baltipreneurs+Accelerator+Program+Program+Application+Deadline%22+2025-10-31+host+org+name,needs_research
92935f35-c2e9-4780-bc50-36bbf209ee27,baltipreneurs-accelerator-program-program-application-deadline-3686ebeb,Baltipreneurs Accelerator Program Program Application Deadline,2025-10-31T23:59:00-04:00,description_detail,"""Baltipreneurs Accelerator Program Program Application Deadline"" 2025-10-31 description detail",https://www.google.com/search?q=%22Baltipreneurs+Accelerator+Program+Program+Application+Deadline%22+2025-10-31+description+detail,needs_research
92935f35-c2e9-4780-bc50-36bbf209ee27,baltipreneurs-accelerator-program-program-application-deadline-3686ebeb,Baltipreneurs Accelerator Program Program Application Deadline,2025-10-31T23:59:00-04:00,named_participants,"""Baltipreneurs Accelerator Program Program Application Deadline"" 2025-10-31 cohort companies participants",https://www.google.com/search?q=%22Baltipreneurs+Accelerator+Program+Program+Application+Deadline%22+2025-10-31+cohort+companies+participants,needs_research
92935f35-c2e9-4780-bc50-36bbf209ee27,baltipreneurs-accelerator-program-program-application-deadline-3686ebeb,Baltipreneurs Accelerator Program Program Application Deadline,2025-10-31T23:59:00-04:00,supporter_relationships,"""Baltipreneurs Accelerator Program Program Application Deadline"" 2025-10-31 sponsors supporting organizations",https://www.google.com/search?q=%22Baltipreneurs+Accelerator+Program+Program+Application+Deadline%22+2025-10-31+sponsors+supporting+organizations,needs_research
9faef33b-1539-4528-9d7b-07f6f067a0a8,lunch-learn-tips-tricks-for-effective-public-speaking-pitching-a6474ae2,Lunch & Learn: Tips & Tricks for Effective Public Speaking & Pitching,2025-10-14T11:30:00-04:00,host_org_name,"""Lunch & Learn: Tips & Tricks for Effective Public Speaking & Pitching"" 2025-10-14 host org name",https://www.google.com/search?q=%22Lunch+%26+Learn%3A+Tips+%26+Tricks+for+Effective+Public+Speaking+%26+Pitching%22+2025-10-14+host+org+name,needs_research
9faef33b-1539-4528-9d7b-07f6f067a0a8,lunch-learn-tips-tricks-for-effective-public-speaking-pitching-a6474ae2,Lunch & Learn: Tips & Tricks for Effective Public Speaking & Pitching,2025-10-14T11:30:00-04:00,named_participants,"""Lunch & Learn: Tips & Tricks for Effective Public Speaking & Pitching"" 2025-10-14 cohort companies participants",https://www.google.com/search?q=%22Lunch+%26+Learn%3A+Tips+%26+Tricks+for+Effective+Public+Speaking+%26+Pitching%22+2025-10-14+cohort+companies+participants,needs_research
9faef33b-1539-4528-9d7b-07f6f067a0a8,lunch-learn-tips-tricks-for-effective-public-speaking-pitching-a6474ae2,Lunch & Learn: Tips & Tricks for Effective Public Speaking & Pitching,2025-10-14T11:30:00-04:00,supporter_relationships,"""Lunch & Learn: Tips & Tricks for Effective Public Speaking & Pitching"" 2025-10-14 sponsors supporting organizations",https://www.google.com/search?q=%22Lunch+%26+Learn%3A+Tips+%26+Tricks+for+Effective+Public+Speaking+%26+Pitching%22+2025-10-14+sponsors+supporting+organizations,needs_research
8aa4ecfd-a3f2-4202-9d49-f43335989648,accelerator-showcase-ee12a08a,Accelerator Showcase,2025-09-18T17:00:00-0400,host_org_name,"""Accelerator Showcase"" 2025-09-18 host org name",https://www.google.com/search?q=%22Accelerator+Showcase%22+2025-09-18+host+org+name,needs_research
8aa4ecfd-a3f2-4202-9d49-f43335989648,accelerator-showcase-ee12a08a,Accelerator Showcase,2025-09-18T17:00:00-0400,named_participants,"""Accelerator Showcase"" 2025-09-18 cohort companies participants",https://www.google.com/search?q=%22Accelerator+Showcase%22+2025-09-18+cohort+companies+participants,needs_research
8aa4ecfd-a3f2-4202-9d49-f43335989648,accelerator-showcase-ee12a08a,Accelerator Showcase,2025-09-18T17:00:00-0400,supporter_relationships,"""Accelerator Showcase"" 2025-09-18 sponsors supporting organizations",https://www.google.com/search?q=%22Accelerator+Showcase%22+2025-09-18+sponsors+supporting+organizations,needs_research
e3db5e30-0fe0-4e42-8f17-a74f6ff7231c,accelerator-showcase-cc5bbabc,Accelerator Showcase,2025-09-15T12:00:00-0400,host_org_name,"""Accelerator Showcase"" 2025-09-15 host org name",https://www.google.com/search?q=%22Accelerator+Showcase%22+2025-09-15+host+org+name,needs_research
e3db5e30-0fe0-4e42-8f17-a74f6ff7231c,accelerator-showcase-cc5bbabc,Accelerator Showcase,2025-09-15T12:00:00-0400,named_participants,"""Accelerator Showcase"" 2025-09-15 cohort companies participants",https://www.google.com/search?q=%22Accelerator+Showcase%22+2025-09-15+cohort+companies+participants,needs_research
e3db5e30-0fe0-4e42-8f17-a74f6ff7231c,accelerator-showcase-cc5bbabc,Accelerator Showcase,2025-09-15T12:00:00-0400,supporter_relationships,"""Accelerator Showcase"" 2025-09-15 sponsors supporting organizations",https://www.google.com/search?q=%22Accelerator+Showcase%22+2025-09-15+sponsors+supporting+organizations,needs_research
3bd4f0b5-bf2b-4d20-ad92-04432fcab835,nce-conscious-venture-lab-accelerator-program-cohort-13-demo-day-8751fd49,NCE Conscious Venture Lab Accelerator Program Cohort 13 Demo Day,2025-06-24T17:30:00-04:00,location,"""NCE Conscious Venture Lab Accelerator Program Cohort 13 Demo Day"" 2025-06-24 location",https://www.google.com/search?q=%22NCE+Conscious+Venture+Lab+Accelerator+Program+Cohort+13+Demo+Day%22+2025-06-24+location,needs_research
3bd4f0b5-bf2b-4d20-ad92-04432fcab835,nce-conscious-venture-lab-accelerator-program-cohort-13-demo-day-8751fd49,NCE Conscious Venture Lab Accelerator Program Cohort 13 Demo Day,2025-06-24T17:30:00-04:00,host_org_name,"""NCE Conscious Venture Lab Accelerator Program Cohort 13 Demo Day"" 2025-06-24 host org name",https://www.google.com/search?q=%22NCE+Conscious+Venture+Lab+Accelerator+Program+Cohort+13+Demo+Day%22+2025-06-24+host+org+name,needs_research
3bd4f0b5-bf2b-4d20-ad92-04432fcab835,nce-conscious-venture-lab-accelerator-program-cohort-13-demo-day-8751fd49,NCE Conscious Venture Lab Accelerator Program Cohort 13 Demo Day,2025-06-24T17:30:00-04:00,named_participants,"""NCE Conscious Venture Lab Accelerator Program Cohort 13 Demo Day"" 2025-06-24 cohort companies participants",https://www.google.com/search?q=%22NCE+Conscious+Venture+Lab+Accelerator+Program+Cohort+13+Demo+Day%22+2025-06-24+cohort+companies+participants,needs_research
3bd4f0b5-bf2b-4d20-ad92-04432fcab835,nce-conscious-venture-lab-accelerator-program-cohort-13-demo-day-8751fd49,NCE Conscious Venture Lab Accelerator Program Cohort 13 Demo Day,2025-06-24T17:30:00-04:00,supporter_relationships,"""NCE Conscious Venture Lab Accelerator Program Cohort 13 Demo Day"" 2025-06-24 sponsors supporting organizations",https://www.google.com/search?q=%22NCE+Conscious+Venture+Lab+Accelerator+Program+Cohort+13+Demo+Day%22+2025-06-24+sponsors+supporting+organizations,needs_research
5bd78634-e7b4-4985-bb90-8697ce94ef9a,baltimore-code-coffee-demo-day-80bd3e47,Baltimore Code & Coffee Demo Day,2025-06-14T11:00:00-04:00,host_org_name,"""Baltimore Code & Coffee Demo Day"" 2025-06-14 host org name",https://www.google.com/search?q=%22Baltimore+Code+%26+Coffee+Demo+Day%22+2025-06-14+host+org+name,needs_research
5bd78634-e7b4-4985-bb90-8697ce94ef9a,baltimore-code-coffee-demo-day-80bd3e47,Baltimore Code & Coffee Demo Day,2025-06-14T11:00:00-04:00,named_participants,"""Baltimore Code & Coffee Demo Day"" 2025-06-14 cohort companies participants",https://www.google.com/search?q=%22Baltimore+Code+%26+Coffee+Demo+Day%22+2025-06-14+cohort+companies+participants,needs_research
5bd78634-e7b4-4985-bb90-8697ce94ef9a,baltimore-code-coffee-demo-day-80bd3e47,Baltimore Code & Coffee Demo Day,2025-06-14T11:00:00-04:00,supporter_relationships,"""Baltimore Code & Coffee Demo Day"" 2025-06-14 sponsors supporting organizations",https://www.google.com/search?q=%22Baltimore+Code+%26+Coffee+Demo+Day%22+2025-06-14+sponsors+supporting+organizations,needs_research
529e691f-e81c-4fa4-a17a-31f235f15fe5,conscious-venture-lab-accelerator-program-cohort-13-demo-day-256ce86d,Conscious Venture Lab Accelerator Program Cohort 13 Demo Day,2025-06-13T17:30:00-04:00,host_org_name,"""Conscious Venture Lab Accelerator Program Cohort 13 Demo Day"" 2025-06-13 host org name",https://www.google.com/search?q=%22Conscious+Venture+Lab+Accelerator+Program+Cohort+13+Demo+Day%22+2025-06-13+host+org+name,needs_research
529e691f-e81c-4fa4-a17a-31f235f15fe5,conscious-venture-lab-accelerator-program-cohort-13-demo-day-256ce86d,Conscious Venture Lab Accelerator Program Cohort 13 Demo Day,2025-06-13T17:30:00-04:00,named_participants,"""Conscious Venture Lab Accelerator Program Cohort 13 Demo Day"" 2025-06-13 cohort companies participants",https://www.google.com/search?q=%22Conscious+Venture+Lab+Accelerator+Program+Cohort+13+Demo+Day%22+2025-06-13+cohort+companies+participants,needs_research
529e691f-e81c-4fa4-a17a-31f235f15fe5,conscious-venture-lab-accelerator-program-cohort-13-demo-day-256ce86d,Conscious Venture Lab Accelerator Program Cohort 13 Demo Day,2025-06-13T17:30:00-04:00,supporter_relationships,"""Conscious Venture Lab Accelerator Program Cohort 13 Demo Day"" 2025-06-13 sponsors supporting organizations",https://www.google.com/search?q=%22Conscious+Venture+Lab+Accelerator+Program+Cohort+13+Demo+Day%22+2025-06-13+sponsors+supporting+organizations,needs_research
9346ebed-a136-4d24-9091-7375383bbdf7,conscious-venture-lab-accelerator-program-cohort-13-demo-day-9fb55b3c,Conscious Venture Lab Accelerator Program Cohort 13 Demo Day,2025-06-13T17:30:00-04:00,host_org_name,"""Conscious Venture Lab Accelerator Program Cohort 13 Demo Day"" 2025-06-13 host org name",https://www.google.com/search?q=%22Conscious+Venture+Lab+Accelerator+Program+Cohort+13+Demo+Day%22+2025-06-13+host+org+name,needs_research
9346ebed-a136-4d24-9091-7375383bbdf7,conscious-venture-lab-accelerator-program-cohort-13-demo-day-9fb55b3c,Conscious Venture Lab Accelerator Program Cohort 13 Demo Day,2025-06-13T17:30:00-04:00,named_participants,"""Conscious Venture Lab Accelerator Program Cohort 13 Demo Day"" 2025-06-13 cohort companies participants",https://www.google.com/search?q=%22Conscious+Venture+Lab+Accelerator+Program+Cohort+13+Demo+Day%22+2025-06-13+cohort+companies+participants,needs_research
9346ebed-a136-4d24-9091-7375383bbdf7,conscious-venture-lab-accelerator-program-cohort-13-demo-day-9fb55b3c,Conscious Venture Lab Accelerator Program Cohort 13 Demo Day,2025-06-13T17:30:00-04:00,supporter_relationships,"""Conscious Venture Lab Accelerator Program Cohort 13 Demo Day"" 2025-06-13 sponsors supporting organizations",https://www.google.com/search?q=%22Conscious+Venture+Lab+Accelerator+Program+Cohort+13+Demo+Day%22+2025-06-13+sponsors+supporting+organizations,needs_research
8aeaab47-1ce5-4709-adc5-a55982aec7f8,techstars-ai-health-baltimore-demo-day-b42cd5a4,Techstars AI Health Baltimore Demo Day,2025-06-05T21:30:00.000Z,host_org_name,"""Techstars AI Health Baltimore Demo Day"" 2025-06-05 host org name",https://www.google.com/search?q=%22Techstars+AI+Health+Baltimore+Demo+Day%22+2025-06-05+host+org+name,needs_research
8aeaab47-1ce5-4709-adc5-a55982aec7f8,techstars-ai-health-baltimore-demo-day-b42cd5a4,Techstars AI Health Baltimore Demo Day,2025-06-05T21:30:00.000Z,named_participants,"""Techstars AI Health Baltimore Demo Day"" 2025-06-05 cohort companies participants",https://www.google.com/search?q=%22Techstars+AI+Health+Baltimore+Demo+Day%22+2025-06-05+cohort+companies+participants,needs_research
8aeaab47-1ce5-4709-adc5-a55982aec7f8,techstars-ai-health-baltimore-demo-day-b42cd5a4,Techstars AI Health Baltimore Demo Day,2025-06-05T21:30:00.000Z,supporter_relationships,"""Techstars AI Health Baltimore Demo Day"" 2025-06-05 sponsors supporting organizations",https://www.google.com/search?q=%22Techstars+AI+Health+Baltimore+Demo+Day%22+2025-06-05+sponsors+supporting+organizations,needs_research
b5c1fd0f-96df-4490-af86-af29ac332e0b,baltimore-code-coffee-demo-day-311dfd58,Baltimore Code & Coffee Demo Day,2025-05-24T11:00:00-04:00,host_org_name,"""Baltimore Code & Coffee Demo Day"" 2025-05-24 host org name",https://www.google.com/search?q=%22Baltimore+Code+%26+Coffee+Demo+Day%22+2025-05-24+host+org+name,needs_research
b5c1fd0f-96df-4490-af86-af29ac332e0b,baltimore-code-coffee-demo-day-311dfd58,Baltimore Code & Coffee Demo Day,2025-05-24T11:00:00-04:00,named_participants,"""Baltimore Code & Coffee Demo Day"" 2025-05-24 cohort companies participants",https://www.google.com/search?q=%22Baltimore+Code+%26+Coffee+Demo+Day%22+2025-05-24+cohort+companies+participants,needs_research
b5c1fd0f-96df-4490-af86-af29ac332e0b,baltimore-code-coffee-demo-day-311dfd58,Baltimore Code & Coffee Demo Day,2025-05-24T11:00:00-04:00,supporter_relationships,"""Baltimore Code & Coffee Demo Day"" 2025-05-24 sponsors supporting organizations",https://www.google.com/search?q=%22Baltimore+Code+%26+Coffee+Demo+Day%22+2025-05-24+sponsors+supporting+organizations,needs_research
